"country","quinquenio","avg_inflacion","avg_di01","avg_dm02","avg_om01","conteo_años"
"Algeria","1970-1974",4.75108008384704,30.851986,NA,NA,5
"Algeria","1975-1979",11.7045719146728,51.674582,NA,NA,5
"Algeria","1980-1984",9.00319995880126,58.979484,NA,NA,5
"Algeria","1985-1989",9.08120002746582,68.062368,NA,NA,5
"Algeria","1990-1994",23.274400138855,24.3372874,NA,NA,5
"Algeria","1995-1999",12.3499999046326,4.8669656,NA,NA,5
"Algeria","2000-2004",2.83219989538193,9.6511164,NA,NA,5
"Algeria","2005-2009",4.27326736450195,13.17813,NA,NA,5
"Algeria","2010-2014",5.52450609207153,15.541772,NA,NA,5
"Algeria","2015-2019",4.24899407405853,23.923602,NA,NA,5
"Algeria","2020-2024",2.41513094083385,29.64732,NA,NA,1
"Angola","1970-1974",14.5280000686645,NA,NA,NA,5
"Angola","1975-1979",65.6940002441407,NA,NA,NA,5
"Angola","1980-1984",10.7196000099182,NA,NA,NA,5
"Angola","1985-1989",1.83299994468689,NA,NA,NA,5
"Angola","1990-1994",543.088386487961,NA,NA,NA,5
"Angola","1995-1999",1479.08175048828,3.2085732,NA,NA,5
"Angola","2000-2004",145.650398254394,3.2607098,NA,NA,5
"Angola","2005-2009",14.9402000427246,10.95285,NA,NA,5
"Angola","2010-2014",10.8657998085022,20.509336,NA,NA,5
"Angola","2015-2019",21.6179464385986,17.273046,NA,NA,5
"Angola","2020-2024",21.0240001678467,10.93348,NA,NA,1
"Antigua and Barbuda","1970-1974",12.9719999313354,NA,NA,NA,5
"Antigua and Barbuda","1975-1979",12.091999912262,43.073072,NA,NA,5
"Antigua and Barbuda","1980-1984",8.16480016708374,32.447666,NA,NA,5
"Antigua and Barbuda","1985-1989",3.25200003385544,36.80626,NA,NA,5
"Antigua and Barbuda","1990-1994",4.73880004882812,41.904752,NA,NA,5
"Antigua and Barbuda","1995-1999",2.09219999313355,52.250255,NA,NA,5
"Antigua and Barbuda","2000-2004",1.64099997282028,62.458792,NA,NA,5
"Antigua and Barbuda","2005-2009",2.01740001440048,66.06493,NA,NA,5
"Antigua and Barbuda","2010-2014",2.47039999961853,71.330352,NA,NA,5
"Antigua and Barbuda","2015-2019",1.1180000026226,46.795358,NA,NA,5
"Antigua and Barbuda","2020-2024",1.058,53.64037,NA,NA,1
"Argentina","1970-1974",38.2978593826294,16.355348,NA,NA,5
"Argentina","1975-1979",227.583401489258,16.076594,1.11701736,11.42082,5
"Argentina","1980-1984",268.109397888184,26.670972,0.49200954,8.7509488,5
"Argentina","1985-1989",863.273934936524,22.768676,0.9568206,6.5751946,5
"Argentina","1990-1994",505.064141654968,16.242258,14.93814066,5.005583,5
"Argentina","1995-1999",0.763414806127548,21.767938,9.9630368,3.8646162,5
"Argentina","2000-2004",8.34479982852936,15.7123176,2.3906918,2.9597824,5
"Argentina","2005-2009",8.84499998092652,11.676714,1.43284934,2.5954836,5
"Argentina","2010-2014",15.7957202911377,13.836986,0.4812028,2.3640974,5
"Argentina","2015-2019",35.8882805023193,14.2287566666667,0.76265052,2.1168792,5
"Argentina","2020-2024",42.0150947570801,NA,0.5698847,NA,1
"Australia","1970-1974",8.02195482254028,23.386754,NA,NA,5
"Australia","1975-1979",11.5844184875488,25.862488,1.2125392,82.6801,5
"Australia","1980-1984",8.994926738739,26.667702,4.1513458,64.218048,5
"Australia","1985-1989",7.81358118057251,42.80058,16.6528066,76.91905,5
"Australia","1990-1994",3.04904398918152,61.33164,18.447508,60.757566,5
"Australia","1995-1999",1.96226063966751,74.019586,37.534032,62.690728,5
"Australia","2000-2004",3.38439950942993,90.855418,73.602934,70.62126,5
"Australia","2005-2009",2.9392279624939,116.0317,106.965618,86.862572,5
"Australia","2010-2014",2.58455665111542,123.59814,67.201642,86.016828,5
"Australia","2015-2019",1.65547214164734,135.97254,59.690844,80.780466,5
"Australia","2020-2024",0.846905537459639,142.9444,92.13039,74.04512,1
"Austria","1970-1974",6.49645395278931,48.109436,NA,NA,5
"Austria","1975-1979",5.70805735588074,60.308166,0.15892142,9.4113882,5
"Austria","1980-1984",5.51394743919373,73.081256,0.14004318,8.356522,5
"Austria","1985-1989",2.15619630813599,80.486992,4.932005,10.0203834,5
"Austria","1990-1994",3.4410671710968,89.95601,9.8552052,13.69758,5
"Austria","1995-1999",1.3803546667099,95.4349866666667,5.8272652,12.77582,5
"Austria","2000-2004",2.04439902305603,88.06714,4.976612,12.58937,5
"Austria","2005-2009",1.9262987613678,94.72113,21.461628,11.770166,5
"Austria","2010-2014",2.23835082054138,93.421862,7.979805,10.0714776,5
"Austria","2015-2019",1.50163213825226,84.327228,8.1644054,8.091476,5
"Austria","2020-2024",1.38191063351897,93.47595,9.273384,7.625708,1
"Bahamas","1970-1974",7.23028411865235,NA,NA,NA,5
"Bahamas","1975-1979",6.60115585327149,NA,NA,NA,5
"Bahamas","1980-1984",7.46879987716673,NA,NA,NA,5
"Bahamas","1985-1989",5.09760007858277,NA,NA,NA,5
"Bahamas","1990-1994",4.32479994297028,NA,NA,NA,5
"Bahamas","1995-1999",1.23439998626709,NA,NA,NA,5
"Bahamas","2000-2004",2.08159997463226,NA,NA,NA,5
"Bahamas","2005-2009",2.45680000782013,NA,NA,NA,5
"Bahamas","2010-2014",1.80420002937317,NA,NA,NA,5
"Bahamas","2015-2019",1.32760000977516,NA,NA,NA,5
"Bahamas","2020-2024",0.0385210980051037,NA,NA,NA,1
"Bahrain","1970-1974",10.2462900876999,21.770574,NA,NA,5
"Bahrain","1975-1979",14.8756378650665,34.790198,NA,NA,5
"Bahrain","1980-1984",5.41999988555909,34.510154,NA,NA,5
"Bahrain","1985-1989",-1.04000001847744,35.065596,NA,NA,5
"Bahrain","1990-1994",1.69880001544952,32.811708,2.877386,NA,5
"Bahrain","1995-1999",1.1758000433445,40.422636,5.661946,61.298876,5
"Bahrain","2000-2004",0.305199992656709,42.393334,2.3721994,50.09168,5
"Bahrain","2005-2009",2.84559512138367,55.466014,5.3612064,41.965202,5
"Bahrain","2010-2014",2.06181123256684,67.980572,1.31484444,33.718692,5
"Bahrain","2015-2019",1.82052178230286,73.8961,1.62347306,28.78846,5
"Bahrain","2020-2024",-2.31770629331354,NA,NA,24.6829,1
"Bangladesh","1970-1974",29.5800001502037,2.611808,NA,NA,5
"Bangladesh","1975-1979",10.8980003833771,3.9491336,NA,NA,5
"Bangladesh","1980-1984",12.55,7.3060054,NA,NA,5
"Bangladesh","1985-1989",9.9752000808716,12.6332675,NA,NA,5
"Bangladesh","1990-1994",6.31200008392334,13.564054,0.18177905,1.344241,5
"Bangladesh","1995-1999",6.47159986495972,19.255306,1.46379236,2.6167922,5
"Bangladesh","2000-2004",3.91480007171631,24.651276,0.8725245,1.81828733333333,5
"Bangladesh","2005-2009",7.45196018218994,32.25852,1.07846558,1.4350382,5
"Bangladesh","2010-2014",7.89412088394165,42.179992,3.39524672,2.7392484,5
"Bangladesh","2015-2019",5.66553911895752,45.726676,6.9479684,3.6009932,5
"Bangladesh","2020-2024",5.691074747462,45.06818,4.601591,3.813239,1
"Barbados","1970-1974",16.4816365242005,50.724302,NA,NA,5
"Barbados","1975-1979",11.2571640968323,29.878652,NA,NA,5
"Barbados","1980-1984",10.6593997001648,32.329526,NA,NA,5
"Barbados","1985-1989",3.9353999376297,33.440504,NA,NA,5
"Barbados","1990-1994",3.4432000041008,37.64535,0.2390984,66.18161,5
"Barbados","1995-1999",2.64519996643066,44.25479,0.56067952,67.866706,5
"Barbados","2000-2004",1.68220004439354,57.249432,0.9546797,78.273152,5
"Barbados","2005-2009",5.83199996948242,73.078396,NA,59.580922,5
"Barbados","2010-2014",4.67280006408691,83.4092866666667,0.78536394,69.823684,5
"Barbados","2015-2019",2.47399997234345,81.433448,0.2647341,61.50655,5
"Barbados","2020-2024",2.882,NA,0.1433971,52.19733,1
"Belgium","1970-1974",6.66704382896423,19.456428,NA,NA,5
"Belgium","1975-1979",7.57449741363526,23.775778,0.83538568,26.25691,5
"Belgium","1980-1984",7.40122327804565,26.409958,1.11303806,21.426058,5
"Belgium","1985-1989",2.39689378738404,28.929862,4.439897,19.23997,5
"Belgium","1990-1994",2.84470858573914,58.985224,4.0145788,17.190226,5
"Belgium","1995-1999",1.44865057468414,73.5174866666667,13.353721,14.653782,5
"Belgium","2000-2004",2.06904737949371,63.700675,16.111344,14.598072,5
"Belgium","2005-2009",2.16639881357551,63.86182,34.527892,12.590064,5
"Belgium","2010-2014",2.00282783508301,56.251134,20.91864,10.688318,5
"Belgium","2015-2019",1.61165693025589,64.343664,NA,10.37768,5
"Belgium","2020-2024",0.740791812220093,74.86707,0,NA,1
"Belize","1970-1974",29.7019996643066,NA,NA,NA,5
"Belize","1975-1979",4.61400003433229,26.9550525,NA,NA,5
"Belize","1980-1984",6.69860000610351,27.257704,NA,NA,5
"Belize","1985-1989",2.4577999830246,29.159136,NA,NA,5
"Belize","1990-1994",2.34219999313355,35.007036,NA,NA,5
"Belize","1995-1999",1.65740005970001,40.358152,NA,NA,5
"Belize","2000-2004",1.93079997301102,47.582178,NA,NA,5
"Belize","2005-2009",3.09979999065399,60.231624,NA,NA,5
"Belize","2010-2014",1.12462985515594,59.189332,NA,NA,5
"Belize","2015-2019",0.277565876340866,56.693278,NA,NA,5
"Belize","2020-2024",0.12,63.76833,NA,NA,1
"Benin","1970-1974",6.85600004196166,3.3171536,NA,NA,5
"Benin","1975-1979",0.164000129699715,12.054844,NA,NA,5
"Benin","1980-1984",3.72960003614427,20.367936,NA,NA,5
"Benin","1985-1989",0.693799993395805,18.76848,NA,NA,5
"Benin","1990-1994",9.62259994745255,9.104138,NA,NA,5
"Benin","1995-1999",5.8562000155449,5.5603516,NA,NA,5
"Benin","2000-2004",2.60059998035431,8.3225618,NA,NA,5
"Benin","2005-2009",3.75639998912811,12.999908,NA,NA,5
"Benin","2010-2014",2.30379993915558,16.43023,NA,NA,5
"Benin","2015-2019",0.217199991750717,16.799246,NA,NA,5
"Benin","2020-2024",3.02272119663752,15.49283,NA,NA,1
"Bolivia (Plurinational State of)","1970-1974",16.9796122074127,NA,NA,NA,5
"Bolivia (Plurinational State of)","1975-1979",11.4167716979981,NA,NA,NA,5
"Bolivia (Plurinational State of)","1980-1984",354.07310256958,NA,NA,NA,5
"Bolivia (Plurinational State of)","1985-1989",2404.41021366119,NA,NA,NA,5
"Bolivia (Plurinational State of)","1990-1994",13.4089097976685,NA,NA,NA,5
"Bolivia (Plurinational State of)","1995-1999",7.4308497428894,NA,NA,NA,5
"Bolivia (Plurinational State of)","2000-2004",2.98375262022019,NA,NA,NA,5
"Bolivia (Plurinational State of)","2005-2009",6.75823445320129,NA,NA,NA,5
"Bolivia (Plurinational State of)","2010-2014",5.67888998985291,NA,NA,NA,5
"Bolivia (Plurinational State of)","2015-2019",2.92410275268555,NA,NA,NA,5
"Bolivia (Plurinational State of)","2020-2024",0.940742153381437,NA,NA,NA,1
"Botswana","1970-1974",7.45399999618531,13.128242,NA,NA,5
"Botswana","1975-1979",11.8382581710815,16.905062,NA,NA,5
"Botswana","1980-1984",11.7453998565674,12.795694,NA,NA,5
"Botswana","1985-1989",9.58000011444091,7.6845202,NA,NA,5
"Botswana","1990-1994",13.1,12.8299584,0.704336,6.7029325,5
"Botswana","1995-1999",8.7652000427246,11.5396798,0.91305388,8.4264596,5
"Botswana","2000-2004",7.84878120422363,18.448468,NA,9.73631,5
"Botswana","2005-2009",9.61087684631348,23.429214,NA,NA,5
"Botswana","2010-2014",6.64215393066406,29.790992,NA,NA,5
"Botswana","2015-2019",3.04398841209412,32.179972,NA,11.209345,5
"Botswana","2020-2024",1.89035916824217,37.57115,NA,NA,1
"Brazil","1970-1974",19.8319999694824,30.654264,NA,NA,5
"Brazil","1975-1979",41.4399997711182,39.8705275,1.441707,3.42726,5
"Brazil","1980-1984",123.928988647461,37.620558,2.4019616,3.8025374,5
"Brazil","1985-1989",532.261447143555,58.476228,4.87637292,4.1239918,5
"Brazil","1990-1994",1667.15017700195,73.785452,6.3320506,3.650186,5
"Brazil","1995-1999",19.3489858150482,36.783028,19.008438,3.1647678,5
"Brazil","2000-2004",8.72935371398926,29.078284,12.6472232,2.2366186,5
"Brazil","2005-2009",5.05220284461975,39.894518,33.33339,1.9395982,5
"Brazil","2010-2014",5.92242727279663,60.7243,32.504072,1.8024392,5
"Brazil","2015-2019",5.72158647651672,62.268152,36.225506,1.613662,5
"Brazil","2020-2024",3.21176803803351,70.18794,95.0761,1.623076,1
"Brunei Darussalam","1970-1974",6.29999986886979,NA,NA,NA,5
"Brunei Darussalam","1975-1979",6.5600001335144,NA,NA,NA,5
"Brunei Darussalam","1980-1984",5.01153004169464,NA,NA,NA,5
"Brunei Darussalam","1985-1989",1.57079997062683,NA,NA,NA,5
"Brunei Darussalam","1990-1994",2.34219996929169,NA,NA,NA,5
"Brunei Darussalam","1995-1999",1.84200004059821,60.17655,NA,NA,5
"Brunei Darussalam","2000-2004",0.137199985980988,50.975378,NA,NA,5
"Brunei Darussalam","2005-2009",1.06700001060963,38.35493,NA,NA,5
"Brunei Darussalam","2010-2014",0.129199999570847,31.212198,NA,NA,5
"Brunei Darussalam","2015-2019",-0.319800001811981,38.570308,NA,NA,5
"Brunei Darussalam","2020-2024",1.94031996607233,38.7844,NA,NA,1
"Bulgaria","1970-1974",-0.100000521490121,NA,NA,NA,5
"Bulgaria","1975-1979",-0.000002396740095932,NA,NA,NA,5
"Bulgaria","1980-1984",1.68039677140878,NA,NA,NA,5
"Bulgaria","1985-1989",3.42079997062683,NA,NA,NA,5
"Bulgaria","1990-1994",123.681469345093,68.340835,0.0215005,1.2419406,5
"Bulgaria","1995-1999",248.964317512512,21.4307188,0.29969814,1.6901714,5
"Bulgaria","2000-2004",6.42971343994141,20.913706,0.76441604,36.5988556,5
"Bulgaria","2005-2009",7.15897154808044,55.846028,5.33604066,49.031254,5
"Bulgaria","2010-2014",1.81799831390381,65.148106,0.890299875,52.624888,5
"Bulgaria","2015-2019",1.11236877522469,51.384868,0.2485749,44.2691,5
"Bulgaria","2020-2024",1.67341201429182,52.27089,0.3076329,37.38837,1
"Burkina Faso","1970-1974",3.44679200649262,3.6884266,NA,NA,5
"Burkina Faso","1975-1979",12.7209840774536,12.1021484,NA,NA,5
"Burkina Faso","1980-1984",9.01319990158081,11.357582,NA,NA,5
"Burkina Faso","1985-1989",1.07459998726845,12.807804,NA,NA,5
"Burkina Faso","1990-1994",5.00759987831116,9.9985118,NA,NA,5
"Burkina Faso","1995-1999",4.12819993495941,8.1547104,NA,NA,5
"Burkina Faso","2000-2004",1.6996000289917,11.66747,NA,NA,5
"Burkina Faso","2005-2009",4.0088000267744,15.235688,NA,NA,5
"Burkina Faso","2010-2014",1.24839998483658,19.634344,NA,NA,5
"Burkina Faso","2015-2019",-0.0424000093221662,27.11172,NA,NA,5
"Burkina Faso","2020-2024",1.88443993781943,29.21653,NA,NA,1
"Burundi","1970-1974",5.84173178672791,5.0423978,NA,NA,5
"Burundi","1975-1979",17.9674715042114,4.9880334,NA,NA,5
"Burundi","1980-1984",8.33820004463197,6.8857528,NA,NA,5
"Burundi","1985-1989",5.75079989433288,4.8683232,NA,NA,5
"Burundi","1990-1994",9.15139999389649,11.6233098,NA,NA,5
"Burundi","1995-1999",18.5665999889374,12.86563,NA,NA,5
"Burundi","2000-2004",10.2380000829697,18.068322,NA,NA,5
"Burundi","2005-2009",11.8760000228882,14.646736,NA,NA,5
"Burundi","2010-2014",9.31799993515014,19.169024,NA,NA,5
"Burundi","2015-2019",4.84479998264313,16.429588,NA,NA,5
"Burundi","2020-2024",7.32110643415492,21.80339,NA,NA,1
"Cabo Verde","1970-1974",5.38999998569489,NA,NA,NA,5
"Cabo Verde","1975-1979",16.0800001144409,2.2330725,NA,NA,5
"Cabo Verde","1980-1984",17.3420003890991,2.5426805,NA,NA,5
"Cabo Verde","1985-1989",5.80160002708436,2.24253,NA,NA,5
"Cabo Verde","1990-1994",8.25980000495912,9.463987,NA,NA,5
"Cabo Verde","1995-1999",6.34740009307861,26.893374,NA,NA,5
"Cabo Verde","2000-2004",0.497199964523314,37.177226,NA,NA,5
"Cabo Verde","2005-2009",3.49060005545616,47.732168,NA,NA,5
"Cabo Verde","2010-2014",2.07279998362064,63.316,NA,NA,5
"Cabo Verde","2015-2019",0.371800001001357,60.390844,NA,NA,5
"Cabo Verde","2020-2024",0.605795960380007,72.56654,NA,NA,1
"Cameroon","1970-1974",9.11652812957764,13.726338,NA,NA,5
"Cameroon","1975-1979",11.4451920509338,20.48443,NA,NA,5
"Cameroon","1980-1984",12.6314002990722,24.364362,NA,NA,5
"Cameroon","1985-1989",2.91980004310608,20.114448,NA,NA,5
"Cameroon","1990-1994",2.3458000421524,14.4000694,NA,NA,5
"Cameroon","1995-1999",7.90360007286072,7.086431,NA,NA,5
"Cameroon","2000-2004",1.87839994430542,8.1751194,NA,NA,5
"Cameroon","2005-2009",3.28039999008179,8.9277182,NA,NA,5
"Cameroon","2010-2014",2.1005012512207,12.4750132,NA,NA,5
"Cameroon","2015-2019",1.5438700293541,14.70592,NA,NA,5
"Cameroon","2020-2024",2.43760882182236,NA,NA,NA,1
"Canada","1970-1974",5.90877499580382,37.206396,NA,NA,5
"Canada","1975-1979",8.86175327301026,48.358096,4.2627482,NA,5
"Canada","1980-1984",8.70763492584229,63.933084,7.6595966,NA,5
"Canada","1985-1989",4.30495610237122,65.32822,15.367062,NA,5
"Canada","1990-1994",2.78542273342609,74.973814,17.275782,NA,5
"Canada","1995-1999",1.61425974369049,78.244584,47.652448,NA,5
"Canada","2000-2004",2.42375535964966,108.372274,65.813388,112.8427,5
"Canada","2005-2009",1.80473866462707,125.852425,97.15301,114.08206,5
"Canada","2010-2014",1.80992213487625,NA,77.773484,108.75556,5
"Canada","2015-2019",1.67520038566589,NA,77.111002,92.038802,5
"Canada","2020-2024",0.716999632307314,NA,61.48865,103.1963,1
"Central African Republic","1970-1974",6.90000000000001,16.54545,NA,NA,5
"Central African Republic","1975-1979",11.2,10.91858,NA,NA,5
"Central African Republic","1980-1984",11.6729999542236,11.73952,NA,NA,5
"Central African Republic","1985-1989",0.518599939346321,8.0489896,NA,NA,5
"Central African Republic","1990-1994",3.56659984886645,5.2909932,NA,NA,5
"Central African Republic","1995-1999",4.24680016040803,4.3725674,NA,NA,5
"Central African Republic","2000-2004",2.29040002822876,5.878543,NA,NA,5
"Central African Republic","2005-2009",4.65959998369217,6.5080834,NA,NA,5
"Central African Republic","2010-2014",5.34240012168884,10.745543,NA,NA,5
"Central African Republic","2015-2019",3.45239999694824,11.50119,NA,NA,5
"Central African Republic","2020-2024",2.30368378868835,NA,NA,NA,1
"Chad","1970-1974",6.88002605438233,10.624487,NA,NA,5
"Chad","1975-1979",9.08816618919372,15.949614,NA,NA,5
"Chad","1980-1984",10.2733999252319,13.695506,NA,NA,5
"Chad","1985-1989",-0.142600059509278,12.6332846,NA,NA,5
"Chad","1990-1994",6.25959992408753,5.2182804,NA,NA,5
"Chad","1995-1999",3.6158000946045,3.1139272,NA,NA,5
"Chad","2000-2004",2.97799992561341,3.2454256,NA,NA,5
"Chad","2005-2009",4.47779994010925,2.7755944,NA,NA,5
"Chad","2010-2014",1.86959999501705,5.6297698,NA,NA,5
"Chad","2015-2019",1.6073999830246,9.3702984,NA,NA,5
"Chad","2020-2024",2.79699993133545,NA,NA,NA,1
"Chile","1970-1974",197.581814575195,7.2668004,NA,NA,5
"Chile","1975-1979",150.418032073975,17.0037262,NA,NA,5
"Chile","1980-1984",22.3767227172851,55.572518,1.16044672,17.2212,5
"Chile","1985-1989",20.354693031311,46.196816,4.52842954,16.723216,5
"Chile","1990-1994",17.4835165023804,43.51759,5.6537908,17.855224,5
"Chile","1995-1999",6.03454928398132,53.384934,7.8329464,19.426578,5
"Chile","2000-2004",2.75333638191223,63.061064,8.0276994,15.723546,5
"Chile","2005-2009",3.98434159755707,68.908744,19.633766,14.452174,5
"Chile","2010-2014",2.81617383956909,72.535188,17.891366,13.078524,5
"Chile","2015-2019",3.00230590782166,81.480098,11.8351916,11.45939,5
"Chile","2020-2024",3.04549084804303,88.58073,15.70634,10.14846,1
"China","1970-1974",1.01999996900558,NA,NA,NA,5
"China","1975-1979",1.30999999642372,NA,NA,NA,5
"China","1980-1984",3.03799996376038,NA,NA,NA,5
"China","1985-1989",11.8963712692261,74.3270475,NA,NA,5
"China","1990-1994",10.376647567749,86.916384,10.5333915,NA,5
"China","1995-1999",5.14323769807815,97.13202,28.1016125,0.56717538,5
"China","2000-2004",1.05744115114212,116.85534,33.841258,0.95586448,5
"China","2005-2009",2.68793972730637,110.66636,95.073778,1.157783,5
"China","2010-2014",3.17828924655915,130.7415,95.507032,1.7760064,5
"China","2015-2019",1.99360439357758,157.20702,176.029494,2.4129498,5
"China","2020-2024",2.41942189457743,182.4326,214.5027,2.962673,1
"Colombia","1970-1974",15.2340358734131,22.228754,NA,NA,5
"Colombia","1975-1979",23.9821300506592,27.56649,NA,NA,5
"Colombia","1980-1984",22.9307312011719,33.913188,0.60697618,NA,5
"Colombia","1985-1989",24.0281223297119,27.4783366666667,0.2116849,NA,5
"Colombia","1990-1994",26.3610675811768,26.833968,1.3920438,2.5965762,5
"Colombia","1995-1999",17.9422880172729,34.25753,2.2178046,3.0518318,5
"Colombia","2000-2004",7.31524124145508,21.775616,1.13173496,2.5369922,5
"Colombia","2005-2009",5.21772041320801,30.398912,8.114619,2.097342,5
"Colombia","2010-2014",2.75440340042114,37.390748,6.8414474,1.6551862,5
"Colombia","2015-2019",4.7159043510437,49.0578,4.3580704,1.3746988,5
"Colombia","2020-2024",2.52462053498888,54.06443,3.685356,1.277443,1
"Comoros","1970-1974",8.78000020980835,NA,NA,NA,5
"Comoros","1975-1979",13.6980001449585,NA,NA,NA,5
"Comoros","1980-1984",10.0610001564026,6.31692566666667,NA,NA,5
"Comoros","1985-1989",1.02460008263588,5.2687044,NA,NA,5
"Comoros","1990-1994",4.0419998884201,8.18592,NA,NA,5
"Comoros","1995-1999",1.87000005245209,5.36292633333333,NA,NA,5
"Comoros","2000-2004",4.65160002708435,4.529717,NA,NA,5
"Comoros","2005-2009",4.09739999771118,6.0815896,NA,NA,5
"Comoros","2010-2014",2.99179995059967,11.75665,NA,NA,5
"Comoros","2015-2019",1.86859998550415,15.8215175,NA,NA,5
"Comoros","2020-2024",3,14.75402,NA,NA,1
"Congo","1970-1974",4.85600001811981,NA,NA,NA,5
"Congo","1975-1979",11.4341281890869,NA,NA,NA,5
"Congo","1980-1984",3.69819997549057,NA,NA,NA,5
"Congo","1985-1989",-2.40639986991882,NA,NA,NA,5
"Congo","1990-1994",1.9872000336647,NA,NA,NA,5
"Congo","1995-1999",6.32000002861022,NA,NA,NA,5
"Congo","2000-2004",1.93780000209809,NA,NA,NA,5
"Congo","2005-2009",3.82520008087158,NA,NA,NA,5
"Congo","2010-2014",2.54120003581047,NA,NA,NA,5
"Congo","2015-2019",2.03319998245239,NA,NA,NA,5
"Congo","2020-2024",2.49399995803833,NA,NA,NA,1
"Costa Rica","1970-1974",11.5248160839081,27.468048,NA,NA,5
"Costa Rica","1975-1979",8.04348607063293,28.44176,NA,NA,5
"Costa Rica","1980-1984",37.9745119094849,22.195662,NA,5.784772,5
"Costa Rica","1985-1989",16.2145938873291,17.993084,NA,5.7699355,5
"Costa Rica","1990-1994",18.5717744827271,13.522012,0.16085765,7.5126126,5
"Costa Rica","1995-1999",15.1299129486084,16.125792,0.41724846,6.2613232,5
"Costa Rica","2000-2004",10.6295099258423,29.510192,0.43358785,5.6201068,5
"Costa Rica","2005-2009",11.1786069869995,42.39094,0.18537374,3.1978126,5
"Costa Rica","2010-2014",4.95736770629883,47.53258,0.12613822,1.920646,5
"Costa Rica","2015-2019",1.34547902030945,57.192204,0.075176,2.021096,5
"Costa Rica","2020-2024",0.724911478131002,60.03113,0.0492192,1.96305,1
"Cyprus","1970-1974",7.07241616249084,NA,NA,NA,5
"Cyprus","1975-1979",6.54406590461731,70.367808,NA,NA,5
"Cyprus","1980-1984",8.34979648590089,59.79247,NA,NA,5
"Cyprus","1985-1989",3.2482973575592,73.338374,NA,NA,5
"Cyprus","1990-1994",5.11048307418823,112.104876,0.8070754,42.89014,5
"Cyprus","1995-1999",2.64185128211975,130.98022,15.9331028,46.828898,5
"Cyprus","2000-2004",3.07770640850067,99.145138,27.068372,122.640922,5
"Cyprus","2005-2009",2.49117268323898,166.633666666667,10.0200488,116.39724,5
"Cyprus","2010-2014",1.26690043210983,NA,1.22228372,89.342588,5
"Cyprus","2015-2019",-0.171811950492859,NA,0.35259146,72.18273,5
"Cyprus","2020-2024",-0.63842279797964,NA,0.1637096,76.19925,1
"Czechia","1970-1974",-0.0606777966022492,NA,NA,NA,5
"Czechia","1975-1979",1.66498059034348,NA,NA,NA,5
"Czechia","1980-1984",2.13911045789719,NA,NA,NA,5
"Czechia","1985-1989",0.876449394226074,NA,NA,NA,5
"Czechia","1990-1994",21.9344709396362,NA,NA,NA,5
"Czechia","1995-1999",7.83585548400879,NA,NA,NA,5
"Czechia","2000-2004",2.64397919625044,NA,NA,NA,5
"Czechia","2005-2009",2.92444989681244,NA,NA,NA,5
"Czechia","2010-2014",1.69197120070458,NA,NA,NA,5
"Czechia","2015-2019",1.68997415084839,NA,NA,NA,5
"Czechia","2020-2024",3.1612952849774,NA,NA,NA,1
"Côte d'Ivoire","1970-1974",7.25054248571394,18.717292,NA,NA,5
"Côte d'Ivoire","1975-1979",16.0807319641114,27.1613,NA,NA,5
"Côte d'Ivoire","1980-1984",8.22268438339234,29.356238,NA,NA,5
"Côte d'Ivoire","1985-1989",5.30106809139252,25.771134,NA,NA,5
"Côte d'Ivoire","1990-1994",6.67699136734009,21.594676,NA,2.222295,5
"Côte d'Ivoire","1995-1999",5.23794051408768,11.788126,0.38009105,2.22807075,5
"Côte d'Ivoire","2000-2004",2.92960133552551,9.9339552,0.19716082,2.2675848,5
"Côte d'Ivoire","2005-2009",3.07628140449524,10.757531,0.75983668,2.01447,5
"Côte d'Ivoire","2010-2014",2.14070736765861,12.758722,0.86465596,1.7648384,5
"Côte d'Ivoire","2015-2019",0.776634995365143,18.572392,0.69831655,1.7818672,5
"Côte d'Ivoire","2020-2024",2.42500656821752,21.10957,0.275638,1.743859,1
"D.R. of the Congo","1970-1974",14.9437859535217,NA,NA,NA,5
"D.R. of the Congo","1975-1979",65.5623413085937,NA,NA,NA,5
"D.R. of the Congo","1980-1984",48.2704010009766,NA,NA,NA,5
"D.R. of the Congo","1985-1989",69.4748008728027,NA,NA,NA,5
"D.R. of the Congo","1990-1994",6424.98089904785,NA,NA,NA,5
"D.R. of the Congo","1995-1999",334.369203948975,NA,NA,NA,5
"D.R. of the Congo","2000-2004",189.882799816132,NA,NA,NA,5
"D.R. of the Congo","2005-2009",23.0258005142212,NA,NA,NA,5
"D.R. of the Congo","2010-2014",8.27740010023116,NA,NA,NA,5
"D.R. of the Congo","2015-2019",17.7842001356125,NA,NA,NA,5
"D.R. of the Congo","2020-2024",11.5,NA,NA,NA,1
"Denmark","1970-1974",8.7051287651062,NA,NA,NA,5
"Denmark","1975-1979",9.87257175445556,NA,0.11394962,46.977708,5
"Denmark","1980-1984",9.47850914001466,NA,0.16158072,41.8556,5
"Denmark","1985-1989",4.33695721626282,NA,4.6955914,51.435658,5
"Denmark","1990-1994",2.07653307914734,NA,11.25192,47.885722,5
"Denmark","1995-1999",2.14710357189178,NA,25.321942,45.104528,5
"Denmark","2000-2004",2.17900643348694,142.76584,32.055966,36.932896,5
"Denmark","2005-2009",2.03125426769256,191.30986,NA,NA,5
"Denmark","2010-2014",1.76412411928177,182.5431,NA,NA,5
"Denmark","2015-2019",0.659806209659576,163.8596,NA,NA,5
"Denmark","2020-2024",0.420711974110027,163.7423,0,NA,1
"Djibouti","1970-1974",7.3900000333786,NA,NA,NA,5
"Djibouti","1975-1979",16.160000038147,NA,NA,NA,5
"Djibouti","1980-1984",3.63694400787353,NA,NA,NA,5
"Djibouti","1985-1989",6.8435920715332,53.5029433333333,NA,NA,5
"Djibouti","1990-1994",5.10737814903259,29.277136,NA,NA,5
"Djibouti","1995-1999",2.54460001587868,31.3586425,NA,NA,5
"Djibouti","2000-2004",1.89620003700256,17.909184,NA,NA,5
"Djibouti","2005-2009",5.03639993667603,16.789828,NA,NA,5
"Djibouti","2010-2014",3.62019996643066,22.245306,NA,NA,5
"Djibouti","2015-2019",1.7682000289917,20.842338,NA,NA,5
"Djibouti","2020-2024",2.87800002098083,19.65198,NA,NA,1
"Dominica","1970-1974",13.2388217926025,NA,NA,NA,5
"Dominica","1975-1979",13.2043080329895,24.59202,NA,NA,5
"Dominica","1980-1984",9.57899999618531,27.562004,NA,NA,5
"Dominica","1985-1989",3.96680002212524,27.239658,NA,NA,5
"Dominica","1990-1994",3.11240004785359,41.512118,NA,NA,5
"Dominica","1995-1999",1.52019996643067,46.621224,NA,NA,5
"Dominica","2000-2004",1.28419999778271,47.457982,NA,NA,5
"Dominica","2005-2009",2.77580000516027,49.198908,NA,NA,5
"Dominica","2010-2014",1.19799999073148,55.674998,NA,NA,5
"Dominica","2015-2019",0.425050052859364,48.046704,NA,NA,5
"Dominica","2020-2024",-0.295,57.1353,NA,NA,1
"Dominican Republic","1970-1974",8.85154609680176,16.2129602,NA,NA,5
"Dominican Republic","1975-1979",9.55448217391968,22.381008,NA,NA,5
"Dominican Republic","1980-1984",12.5497611045837,23.641694,NA,NA,5
"Dominican Republic","1985-1989",30.1982959747315,23.187932,NA,NA,5
"Dominican Republic","1990-1994",23.0887627601624,18.428314,NA,NA,5
"Dominican Republic","1995-1999",7.50513696670532,21.95265,NA,NA,5
"Dominican Republic","2000-2004",20.1327787399292,28.463132,NA,NA,5
"Dominican Republic","2005-2009",6.0063838005066,19.047298,NA,NA,5
"Dominican Republic","2010-2014",5.25625658035278,22.391716,NA,NA,5
"Dominican Republic","2015-2019",2.22462358999252,25.820248,NA,NA,5
"Dominican Republic","2020-2024",3.78103179457831,28.97082,NA,NA,1
"Ecuador","1970-1974",9.44266595840454,9.976915,NA,NA,5
"Ecuador","1975-1979",11.8168322086334,11.766546,NA,NA,5
"Ecuador","1980-1984",23.5911620616913,14.735186,NA,NA,5
"Ecuador","1985-1989",42.8365509033203,12.8264786,NA,NA,5
"Ecuador","1990-1994",44.8244720458984,14.0287804,0.3139769,NA,5
"Ecuador","1995-1999",33.296618270874,23.25388,0.21726698,3.2187768,5
"Ecuador","2000-2004",31.3147256851196,20.675686,0.0552340333333333,2.050292,5
"Ecuador","2005-2009",4.27326140403747,21.616284,NA,NA,5
"Ecuador","2010-2014",3.88753080368042,25.892672,NA,NA,5
"Ecuador","2015-2019",1.23242470088005,32.816858,NA,NA,5
"Ecuador","2020-2024",-0.338872392561817,44.89673,NA,NA,1
"Egypt","1970-1974",5.23192920684815,NA,NA,NA,5
"Egypt","1975-1979",10.6775772094727,NA,NA,NA,5
"Egypt","1980-1984",15.7585689544678,NA,NA,NA,5
"Egypt","1985-1989",18.9374025344849,NA,NA,NA,5
"Egypt","1990-1994",14.0718717575073,NA,NA,NA,5
"Egypt","1995-1999",6.90053343772888,NA,NA,NA,5
"Egypt","2000-2004",4.69400448799134,NA,NA,NA,5
"Egypt","2005-2009",10.4297088623047,NA,NA,NA,5
"Egypt","2010-2014",9.55954418182373,NA,NA,NA,5
"Egypt","2015-2019",15.1938182281494,NA,NA,NA,5
"Egypt","2020-2024",5.7,NA,NA,NA,1
"El Salvador","1970-1974",5.61393200159072,23.108356,NA,NA,5
"El Salvador","1975-1979",13.157950592041,23.72064,NA,NA,5
"El Salvador","1980-1984",13.748108291626,29.137762,NA,NA,5
"El Salvador","1985-1989",23.3040687561035,30.63686,NA,NA,5
"El Salvador","1990-1994",15.7445993423462,21.972996,NA,NA,5
"El Salvador","1995-1999",5.47409852743149,42.999572,NA,NA,5
"El Salvador","2000-2004",2.88879883289337,46.85555,NA,NA,5
"El Salvador","2005-2009",4.22154287099838,49.628742,NA,NA,5
"El Salvador","2010-2014",1.98675763607025,45.880256,NA,NA,5
"El Salvador","2015-2019",0.411228805351257,49.83439,NA,NA,5
"El Salvador","2020-2024",-0.371590212324274,58.32419,NA,NA,1
"Equatorial Guinea","1970-1974",8.48400022983551,NA,NA,NA,5
"Equatorial Guinea","1975-1979",12.3579998016358,NA,NA,NA,5
"Equatorial Guinea","1980-1984",37.3384002685547,NA,NA,NA,5
"Equatorial Guinea","1985-1989",12.3546002864838,22.566966,NA,NA,5
"Equatorial Guinea","1990-1994",6.10219999551773,15.89123,NA,NA,5
"Equatorial Guinea","1995-1999",7.14759989380837,4.4926374,NA,NA,5
"Equatorial Guinea","2000-2004",6.54359998703003,2.8475434,NA,NA,5
"Equatorial Guinea","2005-2009",4.65780005455017,3.4126992,NA,NA,5
"Equatorial Guinea","2010-2014",4.20719995498657,6.6773782,NA,NA,5
"Equatorial Guinea","2015-2019",1.22680001754761,13.934876,NA,NA,5
"Equatorial Guinea","2020-2024",4.76970498098265,NA,NA,NA,1
"Eswatini","1970-1974",7.47376594543457,18.353106,NA,NA,5
"Eswatini","1975-1979",12.8705639839172,21.574428,NA,NA,5
"Eswatini","1980-1984",14.7142000198364,23.339226,NA,NA,5
"Eswatini","1985-1989",15.103600025177,17.327104,NA,NA,5
"Eswatini","1990-1994",11.0751999855042,17.92447,0.1479609,4.4565585,5
"Eswatini","1995-1999",8.00759992599487,13.808052,11.36011538,5.3840542,5
"Eswatini","2000-2004",8.18119997978212,11.5270908,0.11588616,5.3083692,5
"Eswatini","2005-2009",7.65579986572266,19.622644,0.0349343333333333,5.78917633333333,5
"Eswatini","2010-2014",6.17139978408813,20.497748,NA,NA,5
"Eswatini","2015-2019",5.28280007476807,20.779724,NA,NA,5
"Eswatini","2020-2024",4.11499977111816,21.28349,NA,NA,1
"Ethiopia","1970-1974",4.41649277210236,5.136181,NA,NA,5
"Ethiopia","1975-1979",16.8691120147705,4.4169916,NA,NA,5
"Ethiopia","1980-1984",5.07660009860992,2.1545368,NA,NA,5
"Ethiopia","1985-1989",5.3292001247406,1.8284474,NA,NA,5
"Ethiopia","1990-1994",11.6499996423721,2.6601508,NA,NA,5
"Ethiopia","1995-1999",3.87879998683929,13.44594,NA,NA,5
"Ethiopia","2000-2004",3.01219984292984,17.478772,NA,NA,5
"Ethiopia","2005-2009",19.0617998123169,18.86652,NA,NA,5
"Ethiopia","2010-2014",16.2117992401123,NA,NA,NA,5
"Ethiopia","2015-2019",11.5400403121948,NA,NA,NA,5
"Ethiopia","2020-2024",20.354,NA,NA,NA,1
"Fiji","1970-1974",12.1649341583252,15.240752,NA,NA,5
"Fiji","1975-1979",9.08368597030641,17.246266,NA,NA,5
"Fiji","1980-1984",8.9511999130249,22.585486,NA,NA,5
"Fiji","1985-1989",5.96220006942749,27.075598,NA,NA,5
"Fiji","1990-1994",5.11559997797012,38.311514,NA,NA,5
"Fiji","1995-1999",3.26240000724793,33.643874,NA,NA,5
"Fiji","2000-2004",2.62639992237091,30.589798,NA,NA,5
"Fiji","2005-2009",4.20399994850159,45.568156,NA,NA,5
"Fiji","2010-2014",3.56479995250702,56.081618,NA,NA,5
"Fiji","2015-2019",2.88900001163483,66.45643,NA,NA,5
"Fiji","2020-2024",-2.59524325887334,84.93418,NA,NA,1
"Finland","1970-1974",8.71241946220398,41.527862,NA,NA,5
"Finland","1975-1979",11.8427501678467,43.560728,NA,NA,5
"Finland","1980-1984",9.58385057449341,48.964216,0.485284766666667,10.2684565,5
"Finland","1985-1989",4.78421387672424,68.653266,4.8239966,11.8707336,5
"Finland","1990-1994",3.331662940979,81.098602,5.4950764,12.66568,5
"Finland","1995-1999",1.03494011163712,54.5794225,34.0390734,22.791504,5
"Finland","2000-2004",1.65126311779022,57.9899,117.5305,28.191696,5
"Finland","2005-2009",1.75343062877655,77.038152,NA,NA,5
"Finland","2010-2014",1.98575336933136,90.925606,NA,NA,5
"Finland","2015-2019",0.640951210308075,93.996594,NA,NA,5
"Finland","2020-2024",0.290554555653769,100.0286,NA,NA,1
"France","1970-1974",7.66718101501465,37.233074,NA,NA,5
"France","1975-1979",10.1406541824341,54.256326,1.38150984,12.157212,5
"France","1980-1984",11.1977603912353,71.741194,1.3078842,9.7328706,5
"France","1985-1989",3.57152900695801,80.180824,7.40518,8.2847374,5
"France","1990-1994",2.50628583431244,90.630734,10.9124782,10.2494946,5
"France","1995-1999",1.23431438207626,81.80291,29.149132,13.610008,5
"France","2000-2004",1.89494316577911,76.2909525,68.432176,14.905328,5
"France","2005-2009",1.56189544647932,88.133536,76.795674,10.98078,5
"France","2010-2014",1.39367866516113,95.853606,43.581408,8.4112532,5
"France","2015-2019",0.906769735312461,99.56282,NA,7.097787,5
"France","2020-2024",0.476498852725162,119.933,NA,NA,1
"Gabon","1970-1974",5.88858995437622,7.598155,NA,NA,5
"Gabon","1975-1979",16.2388001441955,16.093104,NA,NA,5
"Gabon","1980-1984",10.7842001914978,15.453134,NA,NA,5
"Gabon","1985-1989",1.96059999465942,18.9185,NA,NA,5
"Gabon","1990-1994",6.52920027971268,10.4369924,NA,NA,5
"Gabon","1995-1999",2.76480008363724,8.2514276,NA,NA,5
"Gabon","2000-2004",1.06339998841286,9.5459338,NA,NA,5
"Gabon","2005-2009",1.17839999198914,8.947452,NA,NA,5
"Gabon","2010-2014",2.0768000304699,11.372791,NA,NA,5
"Gabon","2015-2019",2.27940000667572,12.987546,NA,NA,5
"Gabon","2020-2024",1.37303606970074,NA,NA,NA,1
"Gambia","1970-1974",5.18483605384827,NA,NA,NA,5
"Gambia","1975-1979",14.0652617454529,NA,NA,NA,5
"Gambia","1980-1984",10.7850002288819,NA,NA,NA,5
"Gambia","1985-1989",23.678399848938,NA,NA,NA,5
"Gambia","1990-1994",7.69400014877318,NA,NA,NA,5
"Gambia","1995-1999",3.1563999414444,NA,NA,NA,5
"Gambia","2000-2004",9.05439981222153,NA,NA,NA,5
"Gambia","2005-2009",4.27800002098083,NA,NA,NA,5
"Gambia","2010-2014",5.19860000610351,NA,NA,NA,5
"Gambia","2015-2019",7.14360003356934,NA,NA,NA,5
"Gambia","2020-2024",5.93127636562429,NA,NA,NA,1
"Germany","1970-1974",5.63796734809876,63.037012,NA,NA,5
"Germany","1975-1979",4.13068909645081,67.571438,2.117279,5.9326132,5
"Germany","1980-1984",4.54511127471924,76.564438,2.5648378,5.7695126,5
"Germany","1985-1989",1.24828248918056,79.74603,21.682864,6.5508858,5
"Germany","1990-1994",3.79362263679504,90.174026,25.430934,7.6236418,5
"Germany","1995-1999",1.31837522983551,105.7851125,39.6684358,8.3387906,5
"Germany","2000-2004",1.50897734165192,110.0575,57.181044,8.6197872,5
"Germany","2005-2009",1.6727616071701,100.084612,74.106862,8.5407186,5
"Germany","2010-2014",1.51979796886444,83.71753,37.861738,8.0646422,5
"Germany","2015-2019",1.15863302059174,78.07469,38.730946,5.9903456,5
"Germany","2020-2024",0.506689889953539,86.04691,47.66317,5.26186,1
"Ghana","1970-1974",11.6947638988495,3.422076,NA,NA,5
"Ghana","1975-1979",65.9777389526367,1.8653224,NA,NA,5
"Ghana","1980-1984",70.2538002014159,0.81864642,NA,NA,5
"Ghana","1985-1989",26.2407995223999,1.5378552,NA,NA,5
"Ghana","1990-1994",23.0406002044678,1.9604592,0.6680199,0.9788761,5
"Ghana","1995-1999",32.0616003036499,3.5865556,0.42941966,1.1610616,5
"Ghana","2000-2004",22.4365999221802,5.4136112,0.38679702,1.1823502,5
"Ghana","2005-2009",13.4301998138428,9.6898652,0.50232588,1.278902,5
"Ghana","2010-2014",9.72155590057373,11.665162,0.348188475,1.14969075,5
"Ghana","2015-2019",12.794549105072,12.885042,NA,1.084889,5
"Ghana","2020-2024",9.95344087035516,9.933443,0.0451389,0.9976525,1
"Greece","1970-1974",10.5515992641449,17.24681,NA,NA,5
"Greece","1975-1979",14.1378890991211,27.122732,NA,NA,5
"Greece","1980-1984",21.7618675231934,37.416148,0.2688456,11.595572,5
"Greece","1985-1989",17.1822866439819,34.295162,1.01301696,11.632558,5
"Greece","1990-1994",16.2103506088257,28.47081,4.7989586,15.085098,5
"Greece","1995-1999",6.01358504295349,30.2417475,37.6803418,20.690416,5
"Greece","2000-2004",3.3168025970459,55.6004275,28.864772,29.252298,5
"Greece","2005-2009",2.99977743625641,81.887464,26.142398,26.304942,5
"Greece","2010-2014",1.46219925880432,117.0446,10.4332072,23.50048,5
"Greece","2015-2019",-0.0553411377906806,98.786162,7.2528742,18.653282,5
"Greece","2020-2024",-1.24795187701344,81.84044,8.702165,15.95812,1
"Grenada","1970-1974",18.4599990844727,80.650966,NA,NA,5
"Grenada","1975-1979",18.8325794219971,28.2759925,NA,NA,5
"Grenada","1980-1984",10.7680000305176,22.712082,NA,NA,5
"Grenada","1985-1989",2.35579997301102,31.58061,NA,NA,5
"Grenada","1990-1994",3.67820000648499,41.152622,NA,NA,5
"Grenada","1995-1999",1.65659999847412,53.744258,NA,NA,5
"Grenada","2000-2004",1.86959998607636,61.430714,NA,NA,5
"Grenada","2005-2009",3.86219998002052,68.218154,NA,NA,5
"Grenada","2010-2014",1.57080001235008,78.224752,NA,NA,5
"Grenada","2015-2019",0.690399989318847,52.407118,NA,NA,5
"Grenada","2020-2024",-0.742,56.89998,NA,NA,1
"Guatemala","1970-1974",5.55542354583739,12.571918,NA,NA,5
"Guatemala","1975-1979",11.1365037918091,13.365688,NA,NA,5
"Guatemala","1980-1984",5.82341253012419,18.038538,NA,NA,5
"Guatemala","1985-1989",17.2194953918457,16.45687,NA,NA,5
"Guatemala","1990-1994",22.443748664856,13.901454,NA,NA,5
"Guatemala","1995-1999",8.10839939117431,19.59305,NA,NA,5
"Guatemala","2000-2004",6.910080909729,22.959758,NA,NA,5
"Guatemala","2005-2009",7.14325711727142,26.769874,NA,NA,5
"Guatemala","2010-2014",4.32299509048462,28.858744,NA,NA,5
"Guatemala","2015-2019",3.74306655883789,34.524102,NA,NA,5
"Guatemala","2020-2024",3.21444062197374,35.27076,NA,NA,1
"Guinea","1970-1974",5.92799997329712,NA,NA,NA,5
"Guinea","1975-1979",6.70200004577637,NA,NA,NA,5
"Guinea","1980-1984",32.2346004486084,NA,NA,NA,5
"Guinea","1985-1989",35.2349994659424,2.654246,NA,NA,5
"Guinea","1990-1994",14.6579998970032,2.8299696,NA,NA,5
"Guinea","1995-1999",4.0268000125885,3.1047554,NA,NA,5
"Guinea","2000-2004",8.72039985656738,2.720626,NA,NA,5
"Guinea","2005-2009",22.3940000534058,2.9690414,NA,NA,5
"Guinea","2010-2014",14.7285999298096,6.7244066,NA,NA,5
"Guinea","2015-2019",8.90799990539551,9.8989648,NA,NA,5
"Guinea","2020-2024",10.6018600008338,8.767805,NA,NA,1
"Guinea-Bissau","1970-1974",9.39525564908981,NA,NA,NA,5
"Guinea-Bissau","1975-1979",9.18311002254486,NA,NA,NA,5
"Guinea-Bissau","1980-1984",42.2816005706787,NA,NA,NA,5
"Guinea-Bissau","1985-1989",73.4252006530763,NA,NA,NA,5
"Guinea-Bissau","1990-1994",44.6893999099731,1.30298538,NA,NA,5
"Guinea-Bissau","1995-1999",30.2219993591309,2.015835,NA,NA,5
"Guinea-Bissau","2000-2004",2.50219995975494,1.73768974,NA,NA,5
"Guinea-Bissau","2005-2009",3.74919991493225,3.06389192,NA,NA,5
"Guinea-Bissau","2010-2014",1.58679999113083,10.0981098,NA,NA,5
"Guinea-Bissau","2015-2019",1.14479999325276,11.0363576,NA,NA,5
"Guinea-Bissau","2020-2024",1.463,15.66691,NA,NA,1
"Guyana","1970-1974",6.88200016021728,10.966288,NA,NA,5
"Guyana","1975-1979",11.6079998016357,9.4378518,NA,NA,5
"Guyana","1980-1984",19.4714002609253,17.105986,NA,NA,5
"Guyana","1985-1989",36.206200504303,17.65662,NA,NA,5
"Guyana","1990-1994",42.9800003051758,9.5660145,NA,NA,5
"Guyana","1995-1999",6.99419999122619,20.133534,NA,NA,5
"Guyana","2000-2004",4.95380005836487,22.860342,NA,NA,5
"Guyana","2005-2009",7.37120003700256,21.020288,NA,NA,5
"Guyana","2010-2014",2.73880002498627,25.02145,NA,NA,5
"Guyana","2015-2019",1.05360000400543,28.32361,NA,NA,5
"Guyana","2020-2024",0.722,27.18704,NA,NA,1
"Haiti","1970-1974",10.3654718875885,4.3324128,NA,NA,5
"Haiti","1975-1979",8.14479184150696,9.4405396,NA,NA,5
"Haiti","1980-1984",10.7884001731873,10.1603902,NA,NA,5
"Haiti","1985-1989",2.70179991722108,19.9365724,NA,NA,5
"Haiti","1990-1994",24.2333995819092,31.199128,NA,NA,5
"Haiti","1995-1999",17.5618001937866,13.623268,NA,NA,5
"Haiti","2000-2004",18.4691999435425,15.14147,NA,NA,5
"Haiti","2005-2009",11.5479997634888,12.91923,NA,NA,5
"Haiti","2010-2014",5.8042001247406,16.37243,NA,NA,5
"Haiti","2015-2019",13.1676001983643,17.469508,NA,NA,5
"Haiti","2020-2024",22.7963113642529,8.873506,NA,NA,1
"Honduras","1970-1974",5.31925611495972,26.18227,NA,NA,5
"Honduras","1975-1979",7.84855880737305,26.347412,NA,NA,5
"Honduras","1980-1984",9.9060772895813,20.588556,NA,NA,5
"Honduras","1985-1989",4.90547585487366,23.0826,NA,NA,5
"Honduras","1990-1994",19.7230154037476,18.898596,NA,NA,5
"Honduras","1995-1999",19.7732212066651,25.969352,NA,17.14516,5
"Honduras","2000-2004",8.83315563201904,35.977232,NA,6.072354,5
"Honduras","2005-2009",7.64483613967896,47.048774,NA,NA,5
"Honduras","2010-2014",5.59116697311401,50.578352,NA,NA,5
"Honduras","2015-2019",3.70425411682129,57.921266,NA,NA,5
"Honduras","2020-2024",3.46841177951205,67.09632,NA,NA,1
"Hungary","1970-1974",2.29100399017334,NA,NA,NA,5
"Hungary","1975-1979",5.29229006767273,NA,NA,NA,5
"Hungary","1980-1984",7.1687424659729,NA,NA,NA,5
"Hungary","1985-1989",10.7562045097351,NA,NA,NA,5
"Hungary","1990-1994",25.6350326538086,30.56019,NA,2.25900414,5
"Hungary","1995-1999",18.8462219238281,23.075244,NA,4.8629288,5
"Hungary","2000-2004",7.11824550628662,37.12012,11.313391,5.0780364,5
"Hungary","2005-2009",5.14096398353577,58.558576,23.689668,4.097325,5
"Hungary","2010-2014",3.18865082859993,51.558762,10.5367264,5.014935,5
"Hungary","2015-2019",1.79242443639636,33.336648,6.1517198,4.4087692,5
"Hungary","2020-2024",3.32674385766662,38.14907,7.291256,4.615497,1
"Iceland","1970-1974",18.6419183731079,29.72659,NA,NA,5
"Iceland","1975-1979",40.1441184997558,25.87588,NA,NA,5
"Iceland","1980-1984",55.0734676361084,33.740786,NA,NA,5
"Iceland","1985-1989",23.7809005737305,38.218454,NA,NA,5
"Iceland","1990-1994",6.3725447177887,44.13537,0.2587286,77.339765,5
"Iceland","1995-1999",2.12362966537475,58.31902,5.54680816,164.812892,5
"Iceland","2000-2004",4.39048829078674,114.662882,47.148322,189.99024,5
"Iceland","2005-2009",8.08464159965515,231.23076,NA,NA,5
"Iceland","2010-2014",4.10010986328125,123.043546,NA,NA,5
"Iceland","2015-2019",2.15679788894653,87.49588,NA,NA,5
"Iceland","2020-2024",2.84792401518624,99.85922,NA,NA,1
"India","1970-1974",12.0313651561737,12.532002,NA,NA,5
"India","1975-1979",3.04413895606995,18.303076,NA,NA,5
"India","1980-1984",10.5072687149048,22.326414,NA,1.6122995,5
"India","1985-1989",7.90900459289551,25.522408,NA,2.475385,5
"India","1990-1994",10.2408240318298,24.183166,NA,3.3799638,5
"India","1995-1999",8.85339097976685,23.713828,NA,5.7471674,5
"India","2000-2004",3.93179726600647,31.4167,59.709576,5.0717154,5
"India","2005-2009",7.12947359085083,45.366976,75.986044,4.1126564,5
"India","2010-2014",9.48420734405518,51.054484,41.382548,4.1356344,5
"India","2015-2019",4.8074899887085,50.117334,42.310914,4.1206494,5
"India","2020-2024",6.62343677628552,55.25075,74.16428,3.778974,1
"Indonesia","1970-1974",18.927617931366,NA,NA,NA,5
"Indonesia","1975-1979",14.8783563613892,NA,NA,NA,5
"Indonesia","1980-1984",12.4003067016602,13.4161176,NA,0.09440006,5
"Indonesia","1985-1989",6.85735158920288,26.127492,NA,0.17695932,5
"Indonesia","1990-1994",8.59313583374023,50.539826,6.2077865,0.8532477,5
"Indonesia","1995-1999",20.5097240447998,48.682888,12.0472362,1.313514,5
"Indonesia","2000-2004",7.98204617500305,20.57168,6.8220632,1.4666672,5
"Indonesia","2005-2009",8.91630239486693,24.378986,14.7166674,1.5965582,5
"Indonesia","2010-2014",5.51543807983398,29.281654,11.335564,1.8561408,5
"Indonesia","2015-2019",3.94358519248962,32.814308,9.620657,2.197809,5
"Indonesia","2020-2024",1.92096800566842,33.24675,12.39057,2.606722,1
"Iran (Islamic Republic of)","1970-1974",7.26576020717621,NA,NA,NA,5
"Iran (Islamic Republic of)","1975-1979",14.7264598846436,NA,NA,NA,5
"Iran (Islamic Republic of)","1980-1984",19.1654001235962,NA,NA,NA,5
"Iran (Islamic Republic of)","1985-1989",20.4217997550965,NA,NA,NA,5
"Iran (Islamic Republic of)","1990-1994",22.1955997467041,NA,NA,NA,5
"Iran (Islamic Republic of)","1995-1999",25.6951999664307,NA,NA,NA,5
"Iran (Islamic Republic of)","2000-2004",14.1107999801635,NA,NA,NA,5
"Iran (Islamic Republic of)","2005-2009",15.357200050354,NA,NA,NA,5
"Iran (Islamic Republic of)","2010-2014",23.5152927398682,NA,NA,NA,5
"Iran (Islamic Republic of)","2015-2019",17.6678188163757,NA,NA,NA,5
"Iran (Islamic Republic of)","2020-2024",36.5,NA,NA,NA,1
"Iraq","1970-1974",5.14568386077881,11.6291238,NA,NA,5
"Iraq","1975-1979",13.5640162467957,6.871402,NA,NA,5
"Iraq","1980-1984",5.53999996185301,NA,NA,NA,5
"Iraq","1985-1989",9.43999991416932,NA,NA,NA,5
"Iraq","1990-1994",194.899999237061,NA,NA,NA,5
"Iraq","1995-1999",84.3399976730347,NA,NA,NA,5
"Iraq","2000-2004",20.2599994659424,1.266034,NA,NA,5
"Iraq","2005-2009",24.3003999710083,2.5528334,NA,NA,5
"Iraq","2010-2014",3.65060005187988,5.931272,NA,NA,5
"Iraq","2015-2019",0.489599996376038,9.17310325,NA,NA,5
"Iraq","2020-2024",0.573,NA,NA,NA,1
"Ireland","1970-1974",10.8331520080566,33.398748,NA,NA,5
"Ireland","1975-1979",14.6680834770203,36.78925,NA,NA,5
"Ireland","1980-1984",14.9547677993774,41.904692,NA,NA,5
"Ireland","1985-1989",3.72111210823059,41.801102,NA,NA,5
"Ireland","1990-1994",2.67535009384155,43.464346,NA,NA,5
"Ireland","1995-1999",1.97032988071441,76.3023525,29.528522,22.741058,5
"Ireland","2000-2004",4.15369505882263,84.4840225,8.9156678,16.02249,5
"Ireland","2005-2009",2.16812872886658,152.46418,5.7227694,12.952764,5
"Ireland","2010-2014",0.804511404037476,109.144132,4.849744,9.7350284,5
"Ireland","2015-2019",0.26728660531044,44.380106,7.87402925,8.7299275,5
"Ireland","2020-2024",-0.334584625428245,33.00546,NA,NA,1
"Israel","1970-1974",18.1354250907898,NA,NA,NA,5
"Israel","1975-1979",46.8190551757812,NA,NA,28.26202,5
"Israel","1980-1984",177.471315002441,NA,NA,48.93399,5
"Israel","1985-1989",82.614966583252,NA,NA,57.88582,5
"Israel","1990-1994",14.2965362548828,NA,NA,80.202382,5
"Israel","1995-1999",8.18307104110717,65.575058,11.5747262,112.43936,5
"Israel","2000-2004",1.65118119120598,78.93568,15.74534,94.13961,5
"Israel","2005-2009",2.3632727086544,87.557326,41.80452,85.171764,5
"Israel","2010-2014",1.9831381380558,75.4446,25.920578,67.254172,5
"Israel","2015-2019",0.143425062084198,65.89491,17.76559,48.988578,5
"Israel","2020-2024",-0.588430300017264,69.29082,26.03354,46.21944,1
"Italy","1970-1974",9.06144771575929,70.393858,NA,NA,5
"Italy","1975-1979",15.517462348938,62.529,0.62355356,2.647368,5
"Italy","1980-1984",16.1909919738769,49.537476,1.35314328,2.4272404,5
"Italy","1985-1989",6.21897993087769,48.929632,4.2222064,3.401553,5
"Italy","1990-1994",5.33115386962891,55.813692,4.918612,4.3598204,5
"Italy","1995-1999",2.98081066608429,53.61228,22.530803,4.3667802,5
"Italy","2000-2004",2.53349423408508,63.632135,55.943106,4.9875572,5
"Italy","2005-2009",2.00569514036179,79.690158,63.80074,4.940201,5
"Italy","2010-2014",1.76171228587627,91.920564,47.360732,4.9441866,5
"Italy","2015-2019",0.608953745287657,80.124836,NA,NA,5
"Italy","2020-2024",-0.137707573917058,82.49566,0,NA,1
"Jamaica","1970-1974",13.2789316177368,28.126352,NA,NA,5
"Jamaica","1975-1979",20.4194979667664,23.78315,NA,NA,5
"Jamaica","1980-1984",17.1245270729065,28.008032,NA,NA,5
"Jamaica","1985-1989",13.9311447143555,28.918114,NA,NA,5
"Jamaica","1990-1994",41.5635482788086,24.81178,4.1757775,19.826735,5
"Jamaica","1995-1999",14.1057004928589,21.38524,1.22811614,18.286012,5
"Jamaica","2000-2004",9.12716836929322,18.319632,1.25739733333333,15.0845733333333,5
"Jamaica","2005-2009",12.9009101867676,26.103714,NA,NA,5
"Jamaica","2010-2014",8.92845058441163,28.264856,2.002325475,18.28507,5
"Jamaica","2015-2019",3.61066529045105,38.568226,3.6119948,24.428402,5
"Jamaica","2020-2024",5.22677779293501,56.20084,0.3270245,30.05578,1
"Japan","1970-1974",10.748601436615,113.1096,NA,NA,5
"Japan","1975-1979",7.4357087135315,116.11566,15.285054,12.291886,5
"Japan","1980-1984",3.91862463951111,124.59598,19.791256,12.030124,5
"Japan","1985-1989",1.14097811877727,151.79894,67.172188,12.57943,5
"Japan","1990-1994",2.00574678182602,172.06862,27.132932,13.30605,5
"Japan","1995-1999",0.415438067913055,180.07902,27.9218,14.264514,5
"Japan","2000-2004",-0.52104960642755,114.874572,51.316796,16.84079,5
"Japan","2005-2009",0.0107380263507365,96.11305,111.124844,18.440344,5
"Japan","2010-2014",0.413768876343965,100.883878,83.346948,21.506112,5
"Japan","2015-2019",0.51956973991394,104.33428,115.95756,28.394488,5
"Japan","2020-2024",-0.0163692912103032,118.7704,NA,29.83248,1
"Jordan","1970-1974",9.96618394851683,19.352086,NA,NA,5
"Jordan","1975-1979",11.2988552093506,33.376574,NA,NA,5
"Jordan","1980-1984",7.0628553390503,50.455096,NA,NA,5
"Jordan","1985-1989",7.01760635785758,58.952672,NA,NA,5
"Jordan","1990-1994",7.01350436210633,59.040928,17.46271,22.789455,5
"Jordan","1995-1999",3.13018646240235,67.465894,7.145146,28.873184,5
"Jordan","2000-2004",1.85548574924469,70.782764,20.521315,31.285492,5
"Jordan","2005-2009",5.52773798704147,82.860468,118.706082,38.266926,5
"Jordan","2010-2014",4.25988440513611,70.543462,14.3709098,30.98653,5
"Jordan","2015-2019",1.36231662445068,73.768036,6.1241686,21.269932,5
"Jordan","2020-2024",0.333294350628691,83.06715,3.37089,17.54362,1
"Kenya","1970-1974",7.77829399108887,11.982786,NA,NA,5
"Kenya","1975-1979",14.0602701187134,13.139534,NA,NA,5
"Kenya","1980-1984",13.5619998931885,14.438812,NA,NA,5
"Kenya","1985-1989",11.1354223251343,13.377718,NA,NA,5
"Kenya","1990-1994",27.355855178833,14.389744,0.5850294,1.4690615,5
"Kenya","1995-1999",6.57299740314484,21.02163,0.5796714,1.95811,5
"Kenya","2000-2004",7.87737557888031,22.932496,0.797964,1.5282456,5
"Kenya","2005-2009",9.16222553253174,23.84534,2.82106832,1.3679208,5
"Kenya","2010-2014",8.01986656188966,31.393454,2.2181016,1.3473684,5
"Kenya","2015-2019",6.15941854476929,35.612676,0.913497766666667,1.2646125,5
"Kenya","2020-2024",5.40481467184543,32.70851,0.4897062,1.115837,1
"Kuwait","1970-1974",9.39252033233642,7.85421725,NA,NA,5
"Kuwait","1975-1979",7.85133409500122,26.76398,NA,NA,5
"Kuwait","1980-1984",5.59499998092652,60.45793,NA,NA,5
"Kuwait","1985-1989",1.58180000782013,82.911442,NA,NA,5
"Kuwait","1990-1994",5.31680006980897,21.17157,9.2801695,NA,5
"Kuwait","1995-1999",2.01260001659393,45.214226,55.89926,34.936594,5
"Kuwait","2000-2004",1.21139998435974,55.249934,25.6062585,41.97262,5
"Kuwait","2005-2009",4.71740007400512,60.630354,85.32142,66.92185,5
"Kuwait","2010-2014",3.63753995895386,63.71633,16.5167466666667,60.95647,5
"Kuwait","2015-2019",1.88019852199555,97.9310875,13.0921025,38.98193,5
"Kuwait","2020-2024",1,NA,NA,38.16827,1
"Lao People's DR","1970-1974",21.512000143528,NA,NA,NA,5
"Lao People's DR","1975-1979",28.659999704361,NA,NA,NA,5
"Lao People's DR","1980-1984",76.5165985107421,NA,NA,NA,5
"Lao People's DR","1985-1989",46.0623995780945,NA,NA,NA,5
"Lao People's DR","1990-1994",2.05780019760132,NA,NA,NA,5
"Lao People's DR","1995-1999",55.2631992340088,NA,NA,NA,5
"Lao People's DR","2000-2004",10.5419118881226,NA,NA,NA,5
"Lao People's DR","2005-2009",5.2310035943985,NA,NA,NA,5
"Lao People's DR","2010-2014",5.65741500854492,NA,NA,NA,5
"Lao People's DR","2015-2019",1.77955089855194,NA,NA,NA,5
"Lao People's DR","2020-2024",5.12813632606873,NA,NA,NA,1
"Lebanon","1970-1974",4.95599999614059,51.284116,NA,NA,5
"Lebanon","1975-1979",20.3360000610352,119.33137,NA,NA,5
"Lebanon","1980-1984",17.3199998855591,162.7717,NA,NA,5
"Lebanon","1985-1989",175.840002441406,82.304556,NA,NA,5
"Lebanon","1990-1994",50.3668004989624,55.285054,NA,NA,5
"Lebanon","1995-1999",6.33979984521866,67.802578,1.737700275,2.50714575,5
"Lebanon","2000-2004",0.795199996232988,81.080648,0.61871208,2.7848434,5
"Lebanon","2005-2009",4.17649139165878,69.419255,5.2079454,2.269153,5
"Lebanon","2010-2014",4.43990631103516,86.649068,1.74447238,1.8070944,5
"Lebanon","2015-2019",1.77441157026291,99.2760633333333,0.9971277,1.4806058,5
"Lebanon","2020-2024",84.864333047205,NA,0.6959779,1.465107,1
"Lesotho","1970-1974",13.3999996185303,3.224725,NA,NA,5
"Lesotho","1975-1979",14.3599994659424,4.2447556,NA,NA,5
"Lesotho","1980-1984",14.5017999649048,10.9725976,NA,NA,5
"Lesotho","1985-1989",13.957799911499,13.664164,NA,NA,5
"Lesotho","1990-1994",13.2687997817993,17.405608,NA,NA,5
"Lesotho","1995-1999",8.60020027160645,17.643384,NA,NA,5
"Lesotho","2000-2004",7.44419994354249,10.3197342,NA,NA,5
"Lesotho","2005-2009",7.13579988479614,9.3465644,NA,NA,5
"Lesotho","2010-2014",4.8688000202179,16.068224,NA,NA,5
"Lesotho","2015-2019",4.83280003433228,18.798708,NA,NA,5
"Lesotho","2020-2024",4.97809676252335,24.05684,NA,NA,1
"Liberia","1970-1974",8.65400034189223,NA,NA,NA,5
"Liberia","1975-1979",8.94600000381469,NA,NA,NA,5
"Liberia","1980-1984",6.43400001525879,NA,NA,NA,5
"Liberia","1985-1989",8.59599978923798,NA,NA,NA,5
"Liberia","1990-1994",3.32000001370907,NA,NA,NA,5
"Liberia","1995-1999",-0.7599999666214,NA,NA,NA,5
"Liberia","2000-2004",9.09880003929139,133.6123475,NA,NA,5
"Liberia","2005-2009",10.5533999443054,338.89544,NA,NA,5
"Liberia","2010-2014",8.00920000076294,820.86688,NA,NA,5
"Liberia","2015-2019",15.9099999656677,NA,NA,NA,5
"Liberia","2020-2024",11.8940000534058,NA,NA,NA,1
"Luxembourg","1970-1974",6.02905044555664,46.050966,NA,NA,5
"Luxembourg","1975-1979",6.97233729362488,64.834806,NA,198.82222,5
"Luxembourg","1980-1984",7.76700639724732,88.355924,0.3789795,261.62092,5
"Luxembourg","1985-1989",1.82780796140432,86.452344,1.73414542,476.48798,5
"Luxembourg","1990-1994",3.06183214187622,97.56289,1.19594272,151.84798,5
"Luxembourg","1995-1999",1.2805654168129,83.9424133333333,4.05935002,127.88292,5
"Luxembourg","2000-2004",2.43284072875977,70.458605,2.23531006,105.839164,5
"Luxembourg","2005-2009",2.24727816581726,89.31115,1.08124216,71.729092,5
"Luxembourg","2010-2014",2.14195618629456,89.377382,0.22044448,49.09736,5
"Luxembourg","2015-2019",1.21211588330269,102.297754,0.12178098,46.407266,5
"Luxembourg","2020-2024",0.819957302127032,105.907,0.0653937,45.86612,1
"Madagascar","1970-1974",8.42161812782287,10.894378,NA,NA,5
"Madagascar","1975-1979",7.37420401573181,11.1248502,NA,NA,5
"Madagascar","1980-1984",21.9662000656128,13.093806,NA,NA,5
"Madagascar","1985-1989",15.1747999191284,13.29888,NA,NA,5
"Madagascar","1990-1994",16.7896001815796,13.291,NA,NA,5
"Madagascar","1995-1999",17.5121998786926,8.076206,NA,NA,5
"Madagascar","2000-2004",9.46760015487671,7.4271874,NA,NA,5
"Madagascar","2005-2009",11.5338001251221,9.1966888,NA,NA,5
"Madagascar","2010-2014",7.26999998092651,10.051186,NA,NA,5
"Madagascar","2015-2019",7.05159995956421,12.404478,NA,NA,5
"Madagascar","2020-2024",4.20179312190524,15.53535,NA,NA,1
"Malawi","1970-1974",8.38399991989135,10.6404212,NA,NA,5
"Malawi","1975-1979",9.55399999618529,12.609815,NA,NA,5
"Malawi","1980-1984",14.8454002380371,16.859896,NA,NA,5
"Malawi","1985-1989",19.2329999923706,9.1209128,NA,NA,5
"Malawi","1990-1994",20.1508001327515,10.8328824,NA,NA,5
"Malawi","1995-1999",40.9112005233765,4.939524,NA,NA,5
"Malawi","2000-2004",12.1510000228882,4.074861,NA,NA,5
"Malawi","2005-2009",8.42899990081787,6.9223274,NA,NA,5
"Malawi","2010-2014",17.6759996414185,13.238594,NA,NA,5
"Malawi","2015-2019",14.7447998687744,11.3627,NA,NA,5
"Malawi","2020-2024",8.62551469650547,NA,NA,NA,1
"Malaysia","1970-1974",6.9155460357666,21.035228,NA,NA,5
"Malaysia","1975-1979",4.08483600616455,32.251746,NA,NA,5
"Malaysia","1980-1984",5.9731999874115,57.865498,8.7438466,13.57384,5
"Malaysia","1985-1989",1.3041999578476,85.358966,9.5693014,14.10934,5
"Malaysia","1990-1994",3.87659997940063,85.773626,22.931658,19.160448,5
"Malaysia","1995-1999",3.52520003318787,130.73568,45.146544,30.644686,5
"Malaysia","2000-2004",1.45299999713898,111.19564,37.818038,35.49424,5
"Malaysia","2005-2009",2.9425999879837,99.14658,45.827284,37.055288,5
"Malaysia","2010-2014",2.36119999885559,112.35734,42.84976,31.596846,5
"Malaysia","2015-2019",1.92243734722137,120.64828,36.038888,28.93694,5
"Malaysia","2020-2024",-1.13870215393033,134.1104,73.84437,28.64117,1
"Maldives","1970-1974",8.75999994277954,NA,NA,NA,5
"Maldives","1975-1979",16.5719999790192,3.813612825,NA,NA,5
"Maldives","1980-1984",9.80980019569396,11.8493655,NA,NA,5
"Maldives","1985-1989",5.05800008773803,13.90732,NA,NA,5
"Maldives","1990-1994",13.6821999073028,10.137503,NA,NA,5
"Maldives","1995-1999",4.17139999866486,13.295458,NA,NA,5
"Maldives","2000-2004",0.791600048542022,18.540508,NA,NA,5
"Maldives","2005-2009",5.86560001373291,47.24055,NA,NA,5
"Maldives","2010-2014",6.84500002861022,34.717456,NA,NA,5
"Maldives","2015-2019",1.52860000934601,27.733428,NA,NA,5
"Maldives","2020-2024",-1.36977425569825,43.68748,NA,NA,1
"Mali","1970-1974",14.5239996910095,10.9021412,NA,NA,5
"Mali","1975-1979",13.1600000023842,19.983624,NA,NA,5
"Mali","1980-1984",11.6065999507904,17.667894,NA,NA,5
"Mali","1985-1989",0.309000036120413,12.14799,NA,NA,5
"Mali","1990-1994",4.18599990606308,9.0308138,NA,NA,5
"Mali","1995-1999",4.06559998989106,10.9288208,NA,NA,5
"Mali","2000-2004",1.00239998102188,15.537992,NA,NA,5
"Mali","2005-2009",4.1454000711441,15.412364,NA,NA,5
"Mali","2010-2014",1.98940006494522,17.948808,NA,NA,5
"Mali","2015-2019",0.048400005149842,24.972684,NA,NA,5
"Mali","2020-2024",0.438088940320764,26.03678,NA,NA,1
"Malta","1970-1974",4.87142806053161,46.87893,NA,NA,5
"Malta","1975-1979",6.24764047861099,26.248516,NA,NA,5
"Malta","1980-1984",3.75019989609717,35.040162,NA,NA,5
"Malta","1985-1989",0.804599976539611,56.056056,NA,NA,5
"Malta","1990-1994",3.10619997978211,80.056822,NA,8.029402,5
"Malta","1995-1999",3.16820001602173,92.796352,1.0809365,15.662514,5
"Malta","2000-2004",2.57638192176819,100.878094,1.91583058,31.304032,5
"Malta","2005-2009",2.67639660835266,109.776572,1.70534918,41.182924,5
"Malta","2010-2014",1.6694443821907,108.651362,0.53527,52.542304,5
"Malta","2015-2019",1.13772708101273,78.198,0.71056854,51.297032,5
"Malta","2020-2024",0.638544956777156,84.36889,0.4893024,51.40067,1
"Mauritania","1970-1974",11.1279998779297,99.262338,NA,NA,5
"Mauritania","1975-1979",8.75800008773805,178.35526,NA,NA,5
"Mauritania","1980-1984",8.43200006484985,194.62952,NA,NA,5
"Mauritania","1985-1989",8.03160595893859,192.212825,NA,NA,5
"Mauritania","1990-1994",7.17384605407716,194.64175,NA,NA,5
"Mauritania","1995-1999",5.59119997024536,NA,NA,NA,5
"Mauritania","2000-2004",5.47699999809266,NA,NA,NA,5
"Mauritania","2005-2009",7.04160013198852,170.53014,NA,NA,5
"Mauritania","2010-2014",4.95060000419617,108.174208,NA,NA,5
"Mauritania","2015-2019",1.9205999997139,21.738412,NA,NA,5
"Mauritania","2020-2024",2.38569488456307,NA,NA,NA,1
"Mauritius","1970-1974",10.0599325418472,NA,NA,NA,5
"Mauritius","1975-1979",11.9008235931397,25.12865,NA,NA,5
"Mauritius","1980-1984",16.2631399154663,22.57035,NA,NA,5
"Mauritius","1985-1989",6.11723209619522,29.994674,NA,NA,5
"Mauritius","1990-1994",8.61590652465819,38.484262,1.74753,22.161325,5
"Mauritius","1995-1999",6.61203899383545,50.472706,2.0762868,25.951204,5
"Mauritius","2000-2004",4.93361763954162,62.497096,1.6644604,24.752772,5
"Mauritius","2005-2009",6.9926561832428,74.977694,3.3312424,46.453566,5
"Mauritius","2010-2014",4.01144671440125,95.665678,3.3758574,50.011648,5
"Mauritius","2015-2019",1.92120849084854,91.941114,3.1619,65.481566,5
"Mauritius","2020-2024",2.58080077182843,95.94421,2.847427,73.47481,1
"Mexico","1970-1974",10.2980825424194,32.19151,NA,NA,5
"Mexico","1975-1979",19.096382522583,23.612568,2.1801065,5.848239,5
"Mexico","1980-1984",56.104515838623,15.316486,1.03448744,3.0539842,5
"Mexico","1985-1989",81.9958557128907,12.800272,4.3885508,3.381592,5
"Mexico","1990-1994",16.3078421592712,24.61289,10.5385978,2.7561704,5
"Mexico","1995-1999",24.5034589767456,18.421736,8.2902234,2.0136776,5
"Mexico","2000-2004",6.02506732940674,13.014284,5.0887822,1.6030082,5
"Mexico","2005-2009",4.4013424873352,16.612344,8.4127998,1.2053428,5
"Mexico","2010-2014",3.90012383460998,20.355042,10.3001966,1.13914,5
"Mexico","2015-2019",4.02366991348267,26.395358,8.5961586,1.1111712,5
"Mexico","2020-2024",3.3968341557003,29.06989,7.684783,1.085837,1
"Morocco","1970-1974",6.16702222824097,10.814823,NA,NA,5
"Morocco","1975-1979",9.41296806335449,13.640076,NA,NA,5
"Morocco","1980-1984",10.2170000076294,14.850158,NA,NA,5
"Morocco","1985-1989",4.93380002975464,15.1413,NA,NA,5
"Morocco","1990-1994",6.21640005111694,18.657544,1.9120985,2.2002455,5
"Morocco","1995-1999",2.71739999055862,35.169842,10.3404344,1.7789872,5
"Morocco","2000-2004",1.59420000314713,46.941616,5.284368,1.8204312,5
"Morocco","2005-2009",2.23340002298355,63.841824,15.9473528,2.1965112,5
"Morocco","2010-2014",1.10225381851196,68.988962,3.9850594,2.2439722,5
"Morocco","2015-2019",1.19982992713451,63.378726,3.1685406,2.0807498,5
"Morocco","2020-2024",0.705968661337714,71.06384,3.197449,2.031939,1
"Mozambique","1970-1974",10.9200000762939,NA,NA,NA,5
"Mozambique","1975-1979",2.75999999046326,NA,NA,NA,5
"Mozambique","1980-1984",16.4274000167847,NA,NA,NA,5
"Mozambique","1985-1989",67.1948013305664,3.122915,NA,NA,5
"Mozambique","1990-1994",45.4870002746582,8.9102036,NA,NA,5
"Mozambique","1995-1999",21.5760001182556,9.2360948,NA,NA,5
"Mozambique","2000-2004",12.9263998031616,9.832369,NA,NA,5
"Mozambique","2005-2009",9.21837081909181,12.7727196,NA,NA,5
"Mozambique","2010-2014",6.60562238693236,24.494874,NA,NA,5
"Mozambique","2015-2019",8.56306238327025,26.238384,NA,NA,5
"Mozambique","2020-2024",3.63100004196167,24.2831,NA,NA,1
"Myanmar","1970-1974",11.2267602443695,5.0620454,NA,NA,5
"Myanmar","1975-1979",10.502199959755,5.4476376,NA,NA,5
"Myanmar","1980-1984",3.34554565548897,5.2929114,NA,NA,5
"Myanmar","1985-1989",16.8268662452698,4.137018,NA,NA,5
"Myanmar","1990-1994",25.5484802246094,6.346624,NA,NA,5
"Myanmar","1995-1999",26.2404605865479,9.0999574,NA,NA,5
"Myanmar","2000-2004",23.9177996635437,7.9152458,NA,NA,5
"Myanmar","2005-2009",16.3585998058319,3.7298462,NA,NA,5
"Myanmar","2010-2014",4.92840008735657,10.4457146,NA,NA,5
"Myanmar","2015-2019",7.21159987869262,25.227668,NA,NA,5
"Myanmar","2020-2024",6.11299991607666,28.73311,NA,NA,1
"Namibia","1970-1974",9.34800024032593,NA,NA,NA,5
"Namibia","1975-1979",11.8839998245239,NA,NA,NA,5
"Namibia","1980-1984",13.0480001449585,NA,NA,NA,5
"Namibia","1985-1989",13.1859998703003,NA,NA,NA,5
"Namibia","1990-1994",13.6936002731323,28.782678,0.3327423,3.79893,5
"Namibia","1995-1999",9.10100011825562,41.161378,0.49801234,7.5225296,5
"Namibia","2000-2004",8.89759216308595,43.234955,0.20462718,6.1735812,5
"Namibia","2005-2009",6.46416039466858,49.615288,0.19476196,3.8973422,5
"Namibia","2010-2014",5.51678409576416,49.795766,0.31575474,3.2751578,5
"Namibia","2015-2019",4.84947570838928,54.145136,0.780533,3.9009514,5
"Namibia","2020-2024",2.20938236933469,59.87105,0.3408435,5.116265,1
"Nepal","1970-1974",10.5725838184357,3.6558608,NA,NA,5
"Nepal","1975-1979",5.05662803649902,4.9705806,NA,NA,5
"Nepal","1980-1984",10.8077998161316,8.2080686,NA,NA,5
"Nepal","1985-1989",10.4736000061035,10.0775802,NA,NA,5
"Nepal","1990-1994",11.1504001617432,13.241686,NA,NA,5
"Nepal","1995-1999",8.53239994049072,23.37066,NA,NA,5
"Nepal","2000-2004",3.48599996566773,27.097408,NA,NA,5
"Nepal","2005-2009",7.60119991302491,39.074676,NA,NA,5
"Nepal","2010-2014",9.26959991455078,56.35123,NA,NA,5
"Nepal","2015-2019",6.07739999847412,79.703608,NA,NA,5
"Nepal","2020-2024",5.05236655289213,87.75357,NA,NA,1
"Netherlands","1970-1974",7.31480965614319,33.266308,NA,NA,5
"Netherlands","1975-1979",6.75174674987792,47.17275,5.0638024,16.678648,5
"Netherlands","1980-1984",5.0411910533905,57.283852,4.3754946,15.518324,5
"Netherlands","1985-1989",0.69416768103838,64.592556,15.879194,16.472832,5
"Netherlands","1990-1994",2.83631458282471,77.00321,14.694866,14.816908,5
"Netherlands","1995-1999",2.05251538753509,91.7653366666667,61.920716,14.919484,5
"Netherlands","2000-2004",2.63190805912018,110.3196,112.525302,19.112792,5
"Netherlands","2005-2009",1.61595485210419,114.28068,111.274776,12.8935446,5
"Netherlands","2010-2014",1.91097110509872,115.07332,56.125666,7.4827142,5
"Netherlands","2015-2019",1.31778232793808,108.495522,NA,5.9706625,5
"Netherlands","2020-2024",1.27246037789151,100.8845,NA,NA,1
"New Zealand","1970-1974",8.66139259338379,12.331325,NA,NA,5
"New Zealand","1975-1979",14.3263181686401,15.959248,NA,NA,5
"New Zealand","1980-1984",12.4393476486206,18.053386,NA,73.44055,5
"New Zealand","1985-1989",11.2933197975159,43.114684,4.5263724,87.350278,5
"New Zealand","1990-1994",2.54979593753815,79.539998,9.1180052,40.536568,5
"New Zealand","1995-1999",1.67575745433569,100.155902,16.349422,33.059858,5
"New Zealand","2000-2004",2.39239275455475,108.31122,9.581917,37.786874,5
"New Zealand","2005-2009",2.97063341140747,135.91558,3.8268354,35.365334,5
"New Zealand","2010-2014",1.95035655498505,143.012466666667,3.31969375,32.52233,5
"New Zealand","2015-2019",1.20258834438324,144.80238,5.663194,31.860066,5
"New Zealand","2020-2024",1.71456170007228,146.9471,10.44765,23.99544,1
"Nicaragua","1970-1974",24.2521404266357,NA,NA,NA,5
"Nicaragua","1975-1979",14.8950643539429,NA,NA,NA,5
"Nicaragua","1980-1984",52.4669998168946,NA,NA,NA,5
"Nicaragua","1985-1989",5354.00008544922,7.414627,NA,NA,5
"Nicaragua","1990-1994",631.960019159317,11.4651382,NA,NA,5
"Nicaragua","1995-1999",11.2431999206543,17.18151,NA,NA,5
"Nicaragua","2000-2004",7.28520002365111,17.895736,NA,NA,5
"Nicaragua","2005-2009",10.6758000850677,26.518256,NA,NA,5
"Nicaragua","2010-2014",6.78158664703369,27.09928,NA,NA,5
"Nicaragua","2015-2019",4.33556444473266,35.217502,NA,NA,5
"Nicaragua","2020-2024",3.68181341625516,27.90946,NA,NA,1
"Niger","1970-1974",6.0486279964447,7.379126,NA,NA,5
"Niger","1975-1979",14.6515358924866,10.0190636,NA,NA,5
"Niger","1980-1984",10.4115996837616,12.027364,NA,NA,5
"Niger","1985-1989",-2.23459998369217,10.9817282,NA,NA,5
"Niger","1990-1994",5.75400012135505,7.8056754,NA,NA,5
"Niger","1995-1999",4.27800006866456,3.210435,NA,NA,5
"Niger","2000-2004",1.63279997110367,4.1563996,NA,NA,5
"Niger","2005-2009",4.70519989728927,7.1451786,NA,NA,5
"Niger","2010-2014",0.395600014925004,10.0098638,NA,NA,5
"Niger","2015-2019",0.373600012421609,11.08011,NA,NA,5
"Niger","2020-2024",2.762,11.70015,NA,NA,1
"Nigeria","1970-1974",3.08475303649901,4.939311,NA,NA,5
"Nigeria","1975-1979",34.8616142272949,8.6489472,NA,NA,5
"Nigeria","1980-1984",19.9493502616882,7.2983926,NA,NA,5
"Nigeria","1985-1989",21.5054921150208,6.2271538,NA,NA,5
"Nigeria","1990-1994",35.7072695732117,6.5858228,0.12061755,1.6876275,5
"Nigeria","1995-1999",25.4898956298828,7.5048854,0.6055871,1.6320342,5
"Nigeria","2000-2004",13.5362561225891,8.8961458,0.73040745,1.522313,5
"Nigeria","2005-2009",11.1324877738952,14.6750236,3.0862126,1.4395486,5
"Nigeria","2010-2014",10.6543817520141,11.910246,1.08603672,1.1701528,5
"Nigeria","2015-2019",12.9396129135132,12.210334,0.61133454,0.90434422,5
"Nigeria","2020-2024",13.247,11.2281,0.5741304,0.8586415,1
"Norway","1970-1974",8.17580938339233,32.89843,NA,NA,5
"Norway","1975-1979",8.52518606185914,31.62456,NA,NA,5
"Norway","1980-1984",10.1092268943786,32.277618,1.08710682,28.726004,5
"Norway","1985-1989",6.56618089675903,55.808076,6.6142626,33.158136,5
"Norway","1990-1994",2.71225318908691,55.871334,11.5576422,27.13428,5
"Norway","1995-1999",2.18163969516754,61.943256,24.541004,41.43783,5
"Norway","2000-2004",2.06375015974045,71.682546,28.04924,39.008984,5
"Norway","2005-2009",2.10507787466049,95.062266,68.40215,42.100214,5
"Norway","2010-2014",1.71258276700973,108.21132,29.801564,36.68961,5
"Norway","2015-2019",2.50482793045044,123.1005,27.07423,33.6876725,5
"Norway","2020-2024",1.28658490708055,140.3214,NA,NA,1
"Oman","1970-1974",6.44000005722046,9.13969166666667,NA,NA,5
"Oman","1975-1979",7,16.266176,NA,NA,5
"Oman","1980-1984",1.90340003967285,15.443718,NA,NA,5
"Oman","1985-1989",1.87740004062653,22.630934,NA,NA,5
"Oman","1990-1994",3.20959992408752,22.184552,1.9297505,44.989995,5
"Oman","1995-1999",-0.0108000099658968,36.384988,9.3575686,59.446774,5
"Oman","2000-2004",-0.296723198890686,37.5106925,4.18741333333333,91.4500333333333,5
"Oman","2005-2009",5.42676873207093,35.738446,12.5033298,61.623772,5
"Oman","2010-2014",2.46517939567566,43.443166,5.5092674,33.057344,5
"Oman","2015-2019",0.757679881811142,72.796666,3.3987858,24.300604,5
"Oman","2020-2024",-0.903874872278484,NA,NA,21.73648,1
"Pakistan","1970-1974",12.9993741989136,19.71794,NA,NA,5
"Pakistan","1975-1979",10.4802770614624,16.568494,NA,NA,5
"Pakistan","1980-1984",8.83952445983887,17.419612,NA,NA,5
"Pakistan","1985-1989",6.0792914390564,20.964784,NA,NA,5
"Pakistan","1990-1994",10.6126735687256,18.111682,NA,5.796107,5
"Pakistan","1995-1999",8.88867025375365,18.947726,18.30580525,5.7241088,5
"Pakistan","2000-2004",4.38781704902649,22.10444,61.2179433333333,4.67163866666667,5
"Pakistan","2005-2009",11.2967844009399,26.459616,61.583956,3.7634364,5
"Pakistan","2010-2014",9.88439168930054,17.5335,3.37835704,3.1123162,5
"Pakistan","2015-2019",4.4518971572876,17.087328,NA,NA,5
"Pakistan","2020-2024",9.73999313898116,17.01319,NA,NA,1
"Panama","1970-1974",6.70740220546723,35.337564,NA,NA,5
"Panama","1975-1979",5.32118401527405,44.797006,NA,NA,5
"Panama","1980-1984",5.80899991989136,41.347544,NA,NA,5
"Panama","1985-1989",0.486399987339974,38.172512,NA,NA,5
"Panama","1990-1994",1.10320108532906,44.207822,0.7259981,25.18185,5
"Panama","1995-1999",1.08389091491699,71.64183,0.44599844,21.1182438,5
"Panama","2000-2004",0.932998153567315,81.318346,0.77627748,17.1487128,5
"Panama","2005-2009",4.12559914588928,75.794922,1.06584818,7.7587148,5
"Panama","2010-2014",4.34781484603882,72.066414,0.7704352,7.453668,5
"Panama","2015-2019",0.436645359230041,78.837144,0.5604309,7.4027676,5
"Panama","2020-2024",-1.5502754080376,97.53418,0.3969353,7.879914,1
"Paraguay","1970-1974",10.4944507956505,19.283184,NA,NA,5
"Paraguay","1975-1979",11.8382795095444,18.032072,NA,NA,5
"Paraguay","1980-1984",15.3842328071594,17.28077,NA,NA,5
"Paraguay","1985-1989",25.6071056365967,12.68758,NA,NA,5
"Paraguay","1990-1994",23.2351680755615,20.182562,NA,NA,5
"Paraguay","1995-1999",9.69505558013915,24.430374,0.20227168,10.491063,5
"Paraguay","2000-2004",9.05801267623902,17.330932,0.1459397,NA,5
"Paraguay","2005-2009",7.46579370498657,14.939624,NA,NA,5
"Paraguay","2010-2014",4.852849817276,31.63178,NA,NA,5
"Paraguay","2015-2019",3.50687399635315,43.200222,NA,NA,5
"Paraguay","2020-2024",1.76751592356726,49.33858,NA,NA,1
"Peru","1970-1974",9.08327007293701,NA,NA,NA,5
"Peru","1975-1979",43.9398593902588,NA,NA,NA,5
"Peru","1980-1984",84.0791999816894,7.3238,NA,NA,5
"Peru","1985-1989",860.051164245604,7.2083664,NA,NA,5
"Peru","1990-1994",1585.55005264282,9.9331874,5.6652855,9.6315075,5
"Peru","1995-1999",8.35700182914734,24.495306,5.9958304,9.515988,5
"Peru","2000-2004",2.3709010720253,22.330874,2.1268604,7.378264,5
"Peru","2005-2009",2.8229591846466,21.79612,4.0619478,6.8193234,5
"Peru","2010-2014",2.92291672229767,29.102596,2.3290726,7.0286436,5
"Peru","2015-2019",2.67993300895691,40.416074,1.37860182,6.7063844,5
"Peru","2020-2024",1.8260526977758,55.14703,1.045777,6.035452,1
"Philippines","1970-1974",19.1856771469116,22.004662,NA,NA,5
"Philippines","1975-1979",9.76104087829589,27.523904,NA,NA,5
"Philippines","1980-1984",19.604927444458,28.74771,2.4317214,NA,5
"Philippines","1985-1989",10.7585793972015,14.817026,8.36699822,2.41548033333333,5
"Philippines","1990-1994",11.4309099197388,19.778324,12.0370392,2.6106624,5
"Philippines","1995-1999",7.0131519317627,40.891672,22.638382,2.9818964,5
"Philippines","2000-2004",4.64353833198547,30.53455,4.2772048,2.8483754,5
"Philippines","2005-2009",5.90993461608887,24.9349,8.5316068,2.6966222,5
"Philippines","2010-2014",3.75776696205139,32.529884,13.176396,2.6090952,5
"Philippines","2015-2019",2.76090614089966,44.782632,10.0924658,2.5059488,5
"Philippines","2020-2024",2.63522884882111,51.89005,9.056438,2.445678,1
"Poland","1970-1974",7.22999992370605,NA,NA,NA,5
"Poland","1975-1979",8.72600011825561,NA,NA,NA,5
"Poland","1980-1984",45.840800857544,NA,NA,NA,5
"Poland","1985-1989",139.961507797241,NA,NA,NA,5
"Poland","1990-1994",152.140470886231,19.067582,1.82364225,0.649396966666667,5
"Poland","1995-1999",16.2822877883911,20.666022,4.2929858,3.674107,5
"Poland","2000-2004",4.25582932233811,27.348644,5.8766748,5.5250334,5
"Poland","2005-2009",2.7775187253952,39.413222,13.519988,9.1296976,5
"Poland","2010-2014",2.28525488525629,50.878322,12.994702,20.565858,5
"Poland","2015-2019",0.910821623325348,52.730178,10.2728248,22.199126,5
"Poland","2020-2024",3.37446972618544,50.09682,14.04295,20.60563,1
"Portugal","1970-1974",13.0401922225952,56.898816,NA,NA,5
"Portugal","1975-1979",22.0736692428589,63.217272,NA,3.457588,5
"Portugal","1980-1984",21.7949138641358,69.36759,NA,2.4658222,5
"Portugal","1985-1989",12.8431016921997,52.388044,NA,10.0607582,5
"Portugal","1990-1994",9.44870853424073,51.547216,3.7583165,11.5745902,5
"Portugal","1995-1999",2.90830087661743,74.17943,19.3605004,7.8496682,5
"Portugal","2000-2004",3.28152661323547,118.856325,24.077734,7.3590438,5
"Portugal","2005-2009",1.91835440397262,142.27866,30.857806,4.9907072,5
"Portugal","2010-2014",1.56503567099571,147.45394,17.388568,4.6652988,5
"Portugal","2015-2019",0.788268225622177,104.143372,NA,4.2399815,5
"Portugal","2020-2024",-0.0124383299576168,99.96344,NA,NA,1
"Qatar","1970-1974",20.0300006866455,13.5734398,NA,NA,5
"Qatar","1975-1979",15.2260004043579,14.74185,NA,NA,5
"Qatar","1980-1984",4.96719994544983,19.075038,NA,NA,5
"Qatar","1985-1989",3.12780001163483,40.676492,NA,NA,5
"Qatar","1990-1994",2.2271999835968,46.5774,NA,NA,5
"Qatar","1995-1999",3.54420003890991,33.93837,NA,NA,5
"Qatar","2000-2004",2.4770000487566,29.854344,NA,NA,5
"Qatar","2005-2009",8.91619997024535,40.763802,34.8354075,28.25866,5
"Qatar","2010-2014",1.55309951305389,41.530536,15.127422,19.675886,5
"Qatar","2015-2019",0.921025524616242,82.293028,11.3487918,16.59674,5
"Qatar","2020-2024",-2.54031503004742,136.5643,15.83234,16.31344,1
"Republic of Korea","1970-1974",13.760303068161,NA,NA,NA,5
"Republic of Korea","1975-1979",16.6914037704468,NA,NA,NA,5
"Republic of Korea","1980-1984",12.5869336605072,NA,NA,NA,5
"Republic of Korea","1985-1989",4.22100234031677,NA,NA,NA,5
"Republic of Korea","1990-1994",7.0373122215271,NA,NA,NA,5
"Republic of Korea","1995-1999",4.43417811393738,NA,NA,NA,5
"Republic of Korea","2000-2004",3.23871912956238,NA,NA,NA,5
"Republic of Korea","2005-2009",2.99225239753723,NA,NA,NA,5
"Republic of Korea","2010-2014",2.34566884040833,NA,NA,NA,5
"Republic of Korea","2015-2019",1.09697576861382,NA,NA,NA,5
"Republic of Korea","2020-2024",0.537258392675084,NA,NA,NA,1
"Romania","1970-1974",0.558000010251999,NA,NA,NA,5
"Romania","1975-1979",1.03200000822544,NA,NA,NA,5
"Romania","1980-1984",5.00339988470078,45.633435,NA,NA,5
"Romania","1985-1989",1.01999997794628,58.81365,NA,NA,5
"Romania","1990-1994",178.301844787598,NA,NA,NA,5
"Romania","1995-1999",66.1351821899414,9.73463175,0.437751366666667,4.798945,5
"Romania","2000-2004",25.9609424591065,11.15653,0.44145272,3.1069568,5
"Romania","2005-2009",6.77356958389282,30.597636,1.1748969,2.8422872,5
"Romania","2010-2014",4.06093101501465,36.25365,1.0672005,3.8775972,5
"Romania","2015-2019",1.53086275510788,27.002382,0.96854392,4.2676142,5
"Romania","2020-2024",2.63107311184743,26.05315,1.179432,4.199911,1
"Rwanda","1970-1974",8.91152527332307,3.3504262,NA,NA,5
"Rwanda","1975-1979",15.9981519699097,4.113792,NA,NA,5
"Rwanda","1980-1984",7.64680013656617,5.7478424,NA,NA,5
"Rwanda","1985-1989",1.74519999027252,8.2270352,NA,NA,5
"Rwanda","1990-1994",13.3532002449036,6.7259574,NA,NA,5
"Rwanda","1995-1999",16.9915997982025,8.0323424,NA,NA,5
"Rwanda","2000-2004",5.73459992408752,8.731885,NA,NA,5
"Rwanda","2005-2009",10.5642000198364,11.4410602,NA,NA,5
"Rwanda","2010-2014",4.05340001583099,16.430424,NA,NA,5
"Rwanda","2015-2019",3.37060002746582,20.794508,0.0480882,0.316783,5
"Rwanda","2020-2024",9.85039902274276,24.53807,NA,NA,1
"Saint Kitts and Nevis","1970-1974",11.8199999570847,NA,NA,NA,5
"Saint Kitts and Nevis","1975-1979",17.2439994812011,NA,NA,NA,5
"Saint Kitts and Nevis","1980-1984",7.76460013389588,NA,NA,NA,5
"Saint Kitts and Nevis","1985-1989",1.78739995360374,NA,NA,NA,5
"Saint Kitts and Nevis","1990-1994",2.89119999408722,NA,NA,NA,5
"Saint Kitts and Nevis","1995-1999",4.15160007476807,NA,NA,NA,5
"Saint Kitts and Nevis","2000-2004",2.16879997253418,NA,NA,NA,5
"Saint Kitts and Nevis","2005-2009",4.74000015258789,NA,NA,NA,5
"Saint Kitts and Nevis","2010-2014",1.77140000462532,NA,NA,NA,5
"Saint Kitts and Nevis","2015-2019",-0.610600011706353,NA,NA,NA,5
"Saint Kitts and Nevis","2020-2024",-0.589,NA,NA,NA,1
"Saint Lucia","1970-1974",15.4663860321045,NA,NA,NA,5
"Saint Lucia","1975-1979",11.3090379714966,NA,NA,NA,5
"Saint Lucia","1980-1984",8.5256000995636,NA,NA,NA,5
"Saint Lucia","1985-1989",2.98800001144409,NA,NA,NA,5
"Saint Lucia","1990-1994",3.79399993419647,NA,NA,NA,5
"Saint Lucia","1995-1999",2.47979995850474,NA,NA,NA,5
"Saint Lucia","2000-2004",2.47179997563362,NA,NA,NA,5
"Saint Lucia","2005-2009",3.13820000886917,NA,NA,NA,5
"Saint Lucia","2010-2014",3.03739998340607,NA,NA,NA,5
"Saint Lucia","2015-2019",-0.289399987220765,NA,NA,NA,5
"Saint Lucia","2020-2024",0.340999990701675,NA,NA,NA,1
"Sao Tome and Principe","1970-1974",8.78000020980835,NA,NA,NA,5
"Sao Tome and Principe","1975-1979",12.760000038147,NA,NA,NA,5
"Sao Tome and Principe","1980-1984",4.45979997217654,NA,NA,NA,5
"Sao Tome and Principe","1985-1989",25.2326003268361,NA,NA,NA,5
"Sao Tome and Principe","1990-1994",39.8169998168945,NA,NA,NA,5
"Sao Tome and Principe","1995-1999",40.2024005889892,NA,NA,NA,5
"Sao Tome and Principe","2000-2004",10.6875999450683,NA,NA,NA,5
"Sao Tome and Principe","2005-2009",21.545000076294,NA,NA,NA,5
"Sao Tome and Principe","2010-2014",10.678399848938,NA,NA,NA,5
"Sao Tome and Principe","2015-2019",6.52160001525879,NA,NA,NA,5
"Sao Tome and Principe","2020-2024",7.86700010299683,NA,NA,NA,1
"Saudi Arabia","1970-1974",9.38695158958435,4.8541468,NA,NA,5
"Saudi Arabia","1975-1979",15.4063540220261,4.9865078,NA,NA,5
"Saudi Arabia","1980-1984",1.52576954066754,10.2319416,NA,NA,5
"Saudi Arabia","1985-1989",-1.1913826584816,19.997894,NA,NA,5
"Saudi Arabia","1990-1994",1.71493625119329,18.478756,NA,NA,5
"Saudi Arabia","1995-1999",0.87887143045664,24.160578,NA,NA,5
"Saudi Arabia","2000-2004",-0.174210497736931,28.172396,71.852515,3.13044333333333,5
"Saudi Arabia","2005-2009",4.35670959353447,37.90583,210.190334,4.2252118,5
"Saudi Arabia","2010-2014",3.95696063041687,38.822644,54.904224,5.388059,5
"Saudi Arabia","2015-2019",0.560633486366272,56.0015633333333,40.606906,5.6765824,5
"Saudi Arabia","2020-2024",3.44545825956694,NA,69.33392,5.945907,1
"Senegal","1970-1974",8.14594626426698,18.106812,NA,NA,5
"Senegal","1975-1979",11.4300201654434,24.848848,NA,NA,5
"Senegal","1980-1984",11.0897999763489,27.55511,NA,NA,5
"Senegal","1985-1989",2.73180010318755,22.153064,NA,NA,5
"Senegal","1990-1994",5.98480002265423,18.998836,NA,NA,5
"Senegal","1995-1999",2.90040006637573,12.030148,NA,NA,5
"Senegal","2000-2004",1.33439999371767,14.982548,NA,NA,5
"Senegal","2005-2009",2.75420002937317,18.469352,NA,NA,5
"Senegal","2010-2014",1.1354000210762,23.801766,NA,NA,5
"Senegal","2015-2019",0.752799994730949,28.394644,NA,NA,5
"Senegal","2020-2024",2.54743464570527,28.82741,NA,NA,1
"Seychelles","1970-1974",18.6189599990845,24.4715125,NA,NA,5
"Seychelles","1975-1979",14.5405601501465,22.441162,NA,NA,5
"Seychelles","1980-1984",6.18600001335142,14.674348,NA,NA,5
"Seychelles","1985-1989",1.80539999008179,7.426225,NA,NA,5
"Seychelles","1990-1994",1.97940000891685,7.8908022,NA,NA,5
"Seychelles","1995-1999",1.85000004768372,13.427494,NA,NA,5
"Seychelles","2000-2004",3.94000004827976,21.226678,NA,NA,5
"Seychelles","2005-2009",14.5665999412537,24.481192,NA,NA,5
"Seychelles","2010-2014",2.59780008792877,23.128072,11.74975,16.504535,5
"Seychelles","2015-2019",2.27879995994568,29.465312,NA,190.5764,5
"Seychelles","2020-2024",3.89800000190735,49.95211,NA,406.2481,1
"Sierra Leone","1970-1974",6.14301195144652,4.6133298,NA,NA,5
"Sierra Leone","1975-1979",15.5148220062256,4.7276132,NA,NA,5
"Sierra Leone","1980-1984",39.6453992843628,3.8826186,NA,NA,5
"Sierra Leone","1985-1989",86.2459976196289,1.8226514,NA,NA,5
"Sierra Leone","1990-1994",65.1083995819092,2.2120472,NA,NA,5
"Sierra Leone","1995-1999",26.7521995544434,1.7153918,NA,NA,5
"Sierra Leone","2000-2004",3.73679999262094,2.2105916,NA,NA,5
"Sierra Leone","2005-2009",11.3757997512817,4.99407725,NA,NA,5
"Sierra Leone","2010-2014",6.14779996871948,6.1626482,NA,NA,5
"Sierra Leone","2015-2019",13.3260001182556,5.43104,NA,NA,5
"Sierra Leone","2020-2024",13.4469773031283,6.183351,NA,NA,1
"Singapore","1970-1974",9.29443723559381,50.564088,NA,NA,5
"Singapore","1975-1979",2.3849039554596,59.247846,11.43389,39.85735,5
"Singapore","1980-1984",4.86102404594422,79.051828,28.309206,42.293684,5
"Singapore","1985-1989",0.680599957704544,81.667026,24.2095466,45.555064,5
"Singapore","1990-1994",2.90474472045899,80.447806,78.535034,62.081646,5
"Singapore","1995-1999",0.975886994600295,97.822124,80.435306,71.10036,5
"Singapore","2000-2004",0.826322841644285,102.719314,87.857226,95.845162,5
"Singapore","2005-2009",2.15131770372391,90.717356,137.693106,105.173604,5
"Singapore","2010-2014",3.20759418010712,112.94624,93.709482,89.196972,5
"Singapore","2015-2019",0.105342335891724,121.4986,55.228886,85.326948,5
"Singapore","2020-2024",-0.181916666667326,132.6782,NA,80.72733,1
"South Africa","1970-1974",7.51983203887939,48.781466,NA,NA,5
"South Africa","1975-1979",12.005512046814,46.770226,2.4844048,20.195524,5
"South Africa","1980-1984",13.4766403198242,47.262512,3.7763996,15.671352,5
"South Africa","1985-1989",15.7240350723267,50.306794,7.0134466,18.701102,5
"South Africa","1990-1994",12.4372919082642,53.9311475,6.897462,17.104622,5
"South Africa","1995-1999",7.3388729095459,62.401214,29.715386,14.56842,5
"South Africa","2000-2004",5.10458964109421,64.21507,37.346926,10.0138214,5
"South Africa","2005-2009",5.76088128089904,73.820836,67.476132,7.3303184,5
"South Africa","2010-2014",5.3434139251709,68.179444,63.732204,6.3688122,5
"South Africa","2015-2019",5.0013625617981,66.572536,97.564774,5.186572,5
"South Africa","2020-2024",3.22388504206677,69.27872,97.32002,4.451287,1
"Spain","1970-1974",9.8727746963501,70.7336966666667,NA,NA,5
"Spain","1975-1979",18.9100267410279,74.27134,1.27224325,24.614586,5
"Spain","1980-1984",13.5961179733276,72.327672,0.75571998,22.59064,5
"Spain","1985-1989",6.89722557067871,68.717388,7.538452,18.135798,5
"Spain","1990-1994",5.57360954284668,74.962458,8.9041008,19.186866,5
"Spain","1995-1999",2.86967949867249,74.885765,56.287928,20.782842,5
"Spain","2000-2004",3.23351111412048,104.2161875,143.23329,65.635505,5
"Spain","2005-2009",2.69170495867729,161.17152,110.231128,75.907485,5
"Spain","2010-2014",1.73994016349316,155.01134,75.636996,70.117642,5
"Spain","2015-2019",0.726573364448547,105.6203,54.036048,68.833306,5
"Spain","2020-2024",-0.322671032811198,107.4842,38.19648,57.25259,1
"Sri Lanka","1970-1974",7.36227416992189,7.8473264,NA,NA,5
"Sri Lanka","1975-1979",6.41077795028687,13.553641,NA,NA,5
"Sri Lanka","1980-1984",17.1084001541138,15.900738,NA,NA,5
"Sri Lanka","1985-1989",8.54679985046387,17.235754,NA,NA,5
"Sri Lanka","1990-1994",13.0518001556396,9.8139812,4.7917185,11.32568,5
"Sri Lanka","1995-1999",9.44800004959106,25.016962,1.24831346,12.749734,5
"Sri Lanka","2000-2004",9.5729998588562,24.847756,2.01398836,12.59458,5
"Sri Lanka","2005-2009",9.98220000267029,26.83058,3.2422182,11.868636,5
"Sri Lanka","2010-2014",6.05040001869202,26.200652,4.7868134,13.4938,5
"Sri Lanka","2015-2019",4.15025778694153,44.671112,1.76029,13.73944,5
"Sri Lanka","2020-2024",6.15394508391745,NA,2.122131,12.91117,1
"St. Vincent and the Grenadines","1970-1974",13.5399998664856,NA,NA,NA,5
"St. Vincent and the Grenadines","1975-1979",11.9449859619141,26.972282,NA,NA,5
"St. Vincent and the Grenadines","1980-1984",9.06620020866395,28.879556,NA,NA,5
"St. Vincent and the Grenadines","1985-1989",1.83800004124641,28.44551,NA,NA,5
"St. Vincent and the Grenadines","1990-1994",2.40019999146462,34.30023,NA,NA,5
"St. Vincent and the Grenadines","1995-1999",1.95260000228882,46.558814,NA,NA,5
"St. Vincent and the Grenadines","2000-2004",1.05680002868175,50.58228,NA,NA,5
"St. Vincent and the Grenadines","2005-2009",4.78959996104241,48.223012,NA,NA,5
"St. Vincent and the Grenadines","2010-2014",1.50700002908707,52.803232,NA,NA,5
"St. Vincent and the Grenadines","2015-2019",0.483000011897087,49.680654,NA,NA,5
"St. Vincent and the Grenadines","2020-2024",-0.606,50.73889,NA,NA,1
"Sudan","1970-1974",12.0666939973831,9.463073,NA,NA,5
"Sudan","1975-1979",18.6166158676147,10.984148,NA,NA,5
"Sudan","1980-1984",28.2765998840332,15.319482,NA,NA,5
"Sudan","1985-1989",52.0669986724853,11.463386,NA,NA,5
"Sudan","1990-1994",91.4222001194955,6.9740728,NA,NA,5
"Sudan","1995-1999",48.8191997528076,2.4951786,NA,NA,5
"Sudan","2000-2004",9.48559999465942,3.897237,NA,NA,5
"Sudan","2005-2009",11.2025998115539,9.8133058,NA,NA,5
"Sudan","2010-2014",28.0125997543335,10.0810624,NA,NA,5
"Sudan","2015-2019",36.2591998657227,8.6090374,NA,NA,5
"Sudan","2020-2024",17087.7230749635,7.890895,NA,NA,1
"Suriname","1970-1974",7.17097628712654,15.994616,NA,NA,5
"Suriname","1975-1979",10.382758140564,17.47703,NA,NA,5
"Suriname","1980-1984",7.60200009346009,24.609758,NA,NA,5
"Suriname","1985-1989",18.2063998460769,30.157864,NA,NA,5
"Suriname","1990-1994",55.1338010787964,22.1325274,NA,NA,5
"Suriname","1995-1999",20.971400308609,10.2553134,NA,NA,5
"Suriname","2000-2004",22.3131999969482,10.4991266,NA,NA,5
"Suriname","2005-2009",9.2110000014305,19.71015,NA,NA,5
"Suriname","2010-2014",6.98819997310639,25.800044,NA,NA,5
"Suriname","2015-2019",19.150599911499,32.097318,NA,NA,5
"Suriname","2020-2024",49.7690010070801,26.39314,NA,NA,1
"Sweden","1970-1974",7.40980386734009,37.130814,NA,NA,5
"Sweden","1975-1979",9.73519124984741,36.09495,0.54915722,11.763046,5
"Sweden","1980-1984",10.263342666626,36.58804,5.0523048,16.215102,5
"Sweden","1985-1989",5.61304540634155,41.413018,9.740509,17.72564,5
"Sweden","1990-1994",5.81437139511109,43.621264,16.2362046,17.473788,5
"Sweden","1995-1999",0.768347203731537,34.238146,58.203692,27.335802,5
"Sweden","2000-2004",1.55257897973061,82.805272,95.453862,32.0325833333333,5
"Sweden","2005-2009",1.39362987279892,113.29324,NA,NA,5
"Sweden","2010-2014",0.956716378778219,126.87694,NA,NA,5
"Sweden","2015-2019",1.27869676169157,130.04456,NA,NA,5
"Sweden","2020-2024",0.497367318854296,140.3764,NA,NA,1
"Switzerland","1970-1974",7.07426810264587,NA,NA,NA,5
"Switzerland","1975-1979",2.87689979076386,NA,NA,17.749642,5
"Switzerland","1980-1984",4.40983581542969,107.928644,90.22177,18.762622,5
"Switzerland","1985-1989",2.13075420856476,131.60458,173.601148,23.392654,5
"Switzerland","1990-1994",3.8890652179718,143.41864,71.43676,28.383742,5
"Switzerland","1995-1999",0.791214213892817,146.44382,155.535238,31.470634,5
"Switzerland","2000-2004",0.926284384727479,139.532,144.686702,36.882078,5
"Switzerland","2005-2009",0.981878405809402,149.36756,134.541698,34.539564,5
"Switzerland","2010-2014",-0.00070299748331297,158.90688,108.673496,30.154646,5
"Switzerland","2015-2019",0.051298587131501,166.67735,130.11058,27.538896,5
"Switzerland","2020-2024",-0.725874933313391,NA,174.8339,27.32463,1
"Thailand","1970-1974",9.20987382531167,21.489042,NA,NA,5
"Thailand","1975-1979",6.9531665802002,37.037032,NA,NA,5
"Thailand","1980-1984",8.44825998544695,47.397446,1.70993546,1.6380536,5
"Thailand","1985-1989",3.19946105480194,62.092722,13.7504586,2.0551382,5
"Thailand","1990-1994",4.80885987281799,100.924654,45.02321,5.1065922,5
"Thailand","1995-1999",5.15693143606186,146.5452,19.9200874,6.9417502,5
"Thailand","2000-2004",1.63235368728638,96.869344,41.626794,6.3781898,5
"Thailand","2005-2009",3.20826392173767,89.400352,43.083082,7.8739674,5
"Thailand","2010-2014",2.83315491676331,104.799822,68.569686,8.3751454,5
"Thailand","2015-2019",0.345821496963501,113.0488,72.876394,9.8608204,5
"Thailand","2020-2024",-0.845937147356598,125.8066,95.91547,10.6447,1
"Togo","1970-1974",7.02929997444152,10.039473,NA,NA,5
"Togo","1975-1979",12.0183846771717,18.759486,NA,NA,5
"Togo","1980-1984",9.7987998008728,19.048598,NA,NA,5
"Togo","1985-1989",0.252399995177984,18.601018,NA,NA,5
"Togo","1990-1994",7.63199976980686,18.725274,NA,NA,5
"Togo","1995-1999",5.32440006211399,14.883558,NA,NA,5
"Togo","2000-2004",1.66120001077652,13.111262,NA,NA,5
"Togo","2005-2009",4.47339994907379,17.421372,NA,NA,5
"Togo","2010-2014",1.92059996426106,29.066304,NA,NA,5
"Togo","2015-2019",0.810799987316132,37.603294,NA,NA,5
"Togo","2020-2024",1.82754038519998,26.51213,NA,NA,1
"Trinidad and Tobago","1970-1974",10.4383380413055,14.796654,NA,NA,5
"Trinidad and Tobago","1975-1979",12.8790599822998,21.78654,NA,NA,5
"Trinidad and Tobago","1980-1984",14.3893999099732,26.429276,NA,NA,5
"Trinidad and Tobago","1985-1989",9.05179996490479,33.404912,NA,NA,5
"Trinidad and Tobago","1990-1994",8.19082760810851,30.590166,NA,NA,5
"Trinidad and Tobago","1995-1999",4.24298000335693,31.030672,NA,NA,5
"Trinidad and Tobago","2000-2004",4.16596598625183,28.667826,1.79401,20.44625,5
"Trinidad and Tobago","2005-2009",8.42930574417113,28.78721,NA,NA,5
"Trinidad and Tobago","2010-2014",7.14769163131714,28.628734,NA,NA,5
"Trinidad and Tobago","2015-2019",2.33370386867523,38.507586,NA,NA,5
"Trinidad and Tobago","2020-2024",0.598986330824428,44.99371,NA,NA,1
"Tunisia","1970-1974",3.5688089132309,27.41859,NA,NA,5
"Tunisia","1975-1979",6.81654300689697,35.929062,NA,NA,5
"Tunisia","1980-1984",10.10627784729,39.4919725,NA,NA,5
"Tunisia","1985-1989",7.38858346939087,47.727928,NA,NA,5
"Tunisia","1990-1994",5.83667221069336,49.522154,1.762998,2.230173,5
"Tunisia","1995-1999",3.88499822616577,46.809666,1.60807765,3.4839622,5
"Tunisia","2000-2004",2.80399332046509,54.86011,NA,4.5403686,5
"Tunisia","2005-2009",3.61311721801758,56.377888,NA,4.7696582,5
"Tunisia","2010-2014",4.416264295578,71.602576,2.4199355,5.8906864,5
"Tunisia","2015-2019",5.4711063257721,73.318564,NA,7.0132812,5
"Tunisia","2020-2024",5.63415115897619,73.40466,NA,6.768981,1
"Türkiye","1970-1974",15.8388104438782,NA,NA,NA,5
"Türkiye","1975-1979",38.021704864502,NA,NA,NA,5
"Türkiye","1980-1984",48.1591529846191,NA,NA,NA,5
"Türkiye","1985-1989",50.1019668579102,NA,NA,NA,5
"Türkiye","1990-1994",73.5334777832032,NA,NA,NA,5
"Türkiye","1995-1999",80.9407272338867,NA,NA,NA,5
"Türkiye","2000-2004",36.896076965332,NA,NA,NA,5
"Türkiye","2005-2009",8.6455382347107,NA,NA,NA,5
"Türkiye","2010-2014",8.05551204681397,NA,NA,NA,5
"Türkiye","2015-2019",11.6193962142944,NA,NA,NA,5
"Türkiye","2020-2024",12.279,NA,NA,NA,1
"U.R. of Tanzania: Mainland","1970-1974",9.17969803810119,NA,NA,NA,5
"U.R. of Tanzania: Mainland","1975-1979",12.8089700698853,NA,NA,NA,5
"U.R. of Tanzania: Mainland","1980-1984",29.6,NA,NA,NA,5
"U.R. of Tanzania: Mainland","1985-1989",30.5200000762939,NA,NA,NA,5
"U.R. of Tanzania: Mainland","1990-1994",29.2600009918213,NA,NA,NA,5
"U.R. of Tanzania: Mainland","1995-1999",16.9248001098633,NA,NA,NA,5
"U.R. of Tanzania: Mainland","2000-2004",4.84499988555908,NA,NA,NA,5
"U.R. of Tanzania: Mainland","2005-2009",8.21160001754762,NA,NA,NA,5
"U.R. of Tanzania: Mainland","2010-2014",9.96490354537964,NA,NA,NA,5
"U.R. of Tanzania: Mainland","2015-2019",4.61307814712524,NA,NA,NA,5
"U.R. of Tanzania: Mainland","2020-2024",3.29029062798364,NA,NA,NA,1
"Uganda","1970-1974",22.8399993896485,5.056628,NA,NA,5
"Uganda","1975-1979",57.4599990844727,2.8986764,NA,NA,5
"Uganda","1980-1984",93.1828006744385,2.219795,NA,NA,5
"Uganda","1985-1989",151.339999389648,1.66813975,NA,NA,5
"Uganda","1990-1994",28.8572005271912,2.872573,NA,NA,5
"Uganda","1995-1999",6.72473306655884,3.879695,NA,NA,5
"Uganda","2000-2004",3.48066034317017,5.330577,NA,NA,5
"Uganda","2005-2009",9.38962860107423,7.4282104,NA,NA,5
"Uganda","2010-2014",9.29054675102234,10.661546,NA,NA,5
"Uganda","2015-2019",3.99563125114441,12.043362,NA,NA,5
"Uganda","2020-2024",3.794422749044,13.10624,NA,NA,1
"United Arab Emirates","1970-1974",21.9846992492676,NA,NA,NA,5
"United Arab Emirates","1975-1979",17.9943197250366,15.7352336,NA,NA,5
"United Arab Emirates","1980-1984",5.76500008106232,18.732868,NA,NA,5
"United Arab Emirates","1985-1989",4.44400000572205,28.600406,NA,NA,5
"United Arab Emirates","1990-1994",4.27179992198944,27.29872,NA,NA,5
"United Arab Emirates","1995-1999",2.8731999874115,32.487528,NA,NA,5
"United Arab Emirates","2000-2004",3.04519996643066,35.130896,NA,7.704201,5
"United Arab Emirates","2005-2009",8.08998930454254,62.8324275,19.0118585,11.9509526,5
"United Arab Emirates","2010-2014",1.17377763986587,64.669252,13.5929725,12.33671,5
"United Arab Emirates","2015-2019",1.75658548870087,78.080238,10.8721658,13.407582,5
"United Arab Emirates","2020-2024",-2.07940317940996,NA,NA,13.14406,1
"United Kingdom","1970-1974",9.62450742721559,27.576764,NA,NA,5
"United Kingdom","1975-1979",15.6583030700683,26.644356,8.8045658,48.94801,5
"United Kingdom","1980-1984",9.60228662490844,34.086522,7.5859472,41.635326,5
"United Kingdom","1985-1989",4.7332905292511,79.758678,31.665434,36.005972,5
"United Kingdom","1990-1994",4.96611661911011,101.744984,33.151174,33.23552,5
"United Kingdom","1995-1999",2.26849372386932,101.496584,56.117992,36.843924,5
"United Kingdom","2000-2004",1.39330112934112,125.13978,82.589662,40.632064,5
"United Kingdom","2005-2009",2.47262940406799,169.82612,101.609666,41.956946,5
"United Kingdom","2010-2014",2.53376889228821,160.22082,94.402538,30.432688,5
"United Kingdom","2015-2019",1.63912159380913,132.79986,NA,NA,5
"United Kingdom","2020-2024",0.989486703773075,145.8789,75.20095,NA,1
"United States","1970-1974",6.13858060836792,53.623288,NA,NA,5
"United States","1975-1979",8.05501670837403,55.360254,9.0635822,11.645728,5
"United States","1980-1984",7.50566306114196,52.763772,18.37813,24.671332,5
"United States","1985-1989",3.60260007381439,56.417692,43.955742,27.449758,5
"United States","1990-1994",3.64416708946228,47.257642,41.55593,26.24931,5
"United States","1995-1999",2.36292431354523,46.649136,118.647306,28.046282,5
"United States","2000-2004",2.54727852344513,50.868654,188.04174,20.411094,5
"United States","2005-2009",2.59098330140114,57.24443,254.85706,16.25272,5
"United States","2010-2014",1.99065573215485,50.502658,224.91266,13.447232,5
"United States","2015-2019",1.55364130188227,51.894132,184.68964,13.369494,5
"United States","2020-2024",1.23358439630664,54.39135,NA,NA,1
"Uruguay","1970-1974",58.1909606933594,8.7088908,NA,NA,5
"Uruguay","1975-1979",60.323461151123,25.961172,NA,NA,5
"Uruguay","1980-1984",44.2030002593994,47.38095,NA,NA,5
"Uruguay","1985-1989",70.7389221191406,37.894458,NA,NA,5
"Uruguay","1990-1994",76.3189254760742,25.924906,0.05322,NA,5
"Uruguay","1995-1999",21.3753947257995,32.534406,0.00178725,5.4334995,5
"Uruguay","2000-2004",10.3303558349609,47.236852,NA,NA,5
"Uruguay","2005-2009",6.83026676177979,23.576732,NA,NA,5
"Uruguay","2010-2014",8.07053737640381,24.335574,NA,NA,5
"Uruguay","2015-2019",8.002389894104,26.162172,NA,NA,5
"Uruguay","2020-2024",9.75640636078163,27.81103,NA,NA,1
"Venezuela (Bolivarian Republic of)","1970-1974",4.1870491027832,NA,NA,NA,5
"Venezuela (Bolivarian Republic of)","1975-1979",9.02831201553345,NA,NA,NA,5
"Venezuela (Bolivarian Republic of)","1980-1984",13.0311399459839,NA,NA,NA,5
"Venezuela (Bolivarian Republic of)","1985-1989",32.9825397491455,NA,NA,NA,5
"Venezuela (Bolivarian Republic of)","1990-1994",41.0494171142578,NA,NA,NA,5
"Venezuela (Bolivarian Republic of)","1995-1999",53.8492176055908,NA,NA,NA,5
"Venezuela (Bolivarian Republic of)","2000-2004",20.8024013519287,NA,NA,NA,5
"Venezuela (Bolivarian Republic of)","2005-2009",21.1484706878662,NA,NA,NA,5
"Venezuela (Bolivarian Republic of)","2010-2014",35.6084609985351,NA,NA,NA,5
"Venezuela (Bolivarian Republic of)","2015-2019",17218.8017397827,NA,NA,NA,5
"Venezuela (Bolivarian Republic of)","2020-2024",2355.15,NA,NA,NA,1
"Viet Nam","1970-1974",35.9400001525879,NA,NA,NA,5
"Viet Nam","1975-1979",4.61000003814698,NA,NA,NA,5
"Viet Nam","1980-1984",60.9082004547119,NA,NA,NA,5
"Viet Nam","1985-1989",275.124197387695,NA,NA,NA,5
"Viet Nam","1990-1994",34.6840002059937,NA,NA,NA,5
"Viet Nam","1995-1999",7.56800003051758,NA,NA,NA,5
"Viet Nam","2000-2004",2.59792798757553,NA,NA,NA,5
"Viet Nam","2005-2009",10.7644921302795,NA,NA,NA,5
"Viet Nam","2010-2014",9.52365684509277,NA,NA,NA,5
"Viet Nam","2015-2019",2.63651563138962,NA,NA,NA,5
"Viet Nam","2020-2024",3.22093436652503,NA,NA,NA,1
"Zambia","1970-1974",5.65200004577637,NA,NA,NA,5
"Zambia","1975-1979",14.9480001449585,NA,NA,NA,5
"Zambia","1980-1984",15.5863996505737,NA,NA,NA,5
"Zambia","1985-1989",64.3188011169433,NA,NA,NA,5
"Zambia","1990-1994",118.065115356445,NA,0.010939,NA,5
"Zambia","1995-1999",30.7625591278076,NA,0.09396004,0.75489832,5
"Zambia","2000-2004",21.7750568389893,NA,0.08746492,1.2369559,5
"Zambia","2005-2009",12.7666465759277,9.953458,0.113802,1.081081,5
"Zambia","2010-2014",7.26911811828613,11.213118,0.0858620666666667,1.426208,5
"Zambia","2015-2019",10.368123739624,12.455404,NA,NA,5
"Zambia","2020-2024",15.7325851421275,11.49863,NA,1.251091,1
"Zimbabwe","1970-1974",3.53327598571777,NA,NA,NA,5
"Zimbabwe","1975-1979",11.0142178535461,NA,NA,NA,5
"Zimbabwe","1980-1984",0.247768151760101,0.0103713,NA,NA,5
"Zimbabwe","1985-1989",0.507400012016294,0.01646672,NA,NA,5
"Zimbabwe","1990-1994",-3.43619989156724,0.08263992,1.6369937,5.680486,5
"Zimbabwe","1995-1999",-4.23720003366472,0.25564076,2.5105804,5.6373774,5
"Zimbabwe","2000-2004",7.56719980239875,1.39333763333333,NA,NA,5
"Zimbabwe","2005-2009",18.3806015968323,6.951326,NA,NA,5
"Zimbabwe","2010-2014",2.33080002069473,18.059562,NA,NA,5
"Zimbabwe","2015-2019",52.5666014751434,12.9491812,NA,NA,5
"Zimbabwe","2020-2024",557.21,NA,NA,NA,1
